stock_name,2013,2014,2015,2016,2017,2018,2019,2020
3S,,,,0.0,0.0,0.0,0.0,0.0
AJ네트웍스,0.0,0.0,0.0,60.0,86.0,100.0,300.0,210.0
AK홀딩스,200.0,350.0,500.0,550.0,650.0,750.0,750.0,400.0
APS홀딩스,0.0,0.0,0.0,0.0,0.0,0.0,0.0,0.0
AP시스템,,,,0.0,0.0,150.0,50.0,120.0
AP위성,0.0,0.0,0.0,0.0,0.0,0.0,70.0,0.0
BGF,400.0,600.0,1200.0,800.0,200.0,35.0,110.0,110.0
BGF리테일,,,,0.0,1000.0,2680.0,2700.0,2400.0
BNK금융지주,280.0,200.0,150.0,230.0,230.0,300.0,360.0,320.0
BYC,750.0,800.0,850.0,800.0,850.0,1000.0,1100.0,1100.0
CBI,50.0,50.0,50.0,0.0,0.0,0.0,0.0,0.0
CJ,950.0,950.0,1350.0,1350.0,1450.0,1450.0,1850.0,2000.0
CJ CGV,350.0,350.0,350.0,350.0,350.0,200.0,0.0,0.0
CJ ENM,2000.0,2500.0,2500.0,2500.0,3000.0,1200.0,1400.0,1600.0
CJ대한통운,0.0,0.0,0.0,0.0,0.0,0.0,0.0,0.0
CJ씨푸드,0.0,0.0,0.0,0.0,0.0,0.0,0.0,0.0
CJ제일제당,1800.0,2000.0,2500.0,2500.0,3000.0,3500.0,3500.0,4000.0
CJ프레시웨이,0.0,200.0,200.0,200.0,200.0,200.0,250.0,0.0
CMG제약,0.0,0.0,0.0,0.0,0.0,0.0,0.0,0.0
CNH,20.0,50.0,15.0,25.0,20.0,20.0,30.0,50.0
CNT85,,,,0.0,0.0,0.0,0.0,0.0
COWON,0.0,0.0,0.0,0.0,0.0,0.0,0.0,0.0
CS,0.0,0.0,0.0,0.0,0.0,0.0,0.0,0.0
CSA 코스믹,0.0,0.0,0.0,0.0,0.0,0.0,0.0,0.0
CS홀딩스,0.0,0.0,0.0,500.0,500.0,500.0,500.0,500.0
DB,0.0,0.0,0.0,0.0,0.0,0.0,0.0,0.0
DB금융스팩8호,,,,,,,0.0,0.0
DB금융스팩9호,,,,,,,0.0,0.0
DB금융투자,0.0,100.0,0.0,0.0,100.0,250.0,250.0,300.0
DB손해보험,1000.0,1450.0,1550.0,1650.0,2300.0,2000.0,1500.0,2200.0
DB하이텍,0.0,0.0,0.0,0.0,250.0,250.0,350.0,350.0
DGB금융지주,280.0,320.0,280.0,300.0,340.0,360.0,410.0,390.0
DI동일,,,,,,,,
DL,100.0,100.0,300.0,300.0,1000.0,1700.0,1300.0,1300.0
DL건설,0.0,0.0,0.0,0.0,0.0,250.0,400.0,550.0
DL이앤씨,,,,,,,,
DMS,0.0,0.0,0.0,50.0,50.0,100.0,75.0,100.0
DRB동일,40.0,60.0,60.0,80.0,100.0,110.0,100.0,50.0
DSC인베스트먼트,,,,0.0,0.0,0.0,0.0,0.0
DSR,30.0,30.0,50.0,50.0,50.0,50.0,50.0,50.0
DSR제강,30.0,30.0,40.0,40.0,40.0,40.0,40.0,40.0
E1,2000.0,2000.0,2600.0,2000.0,2000.0,2000.0,2200.0,2200.0
EDGC,,,,0.0,0.0,0.0,0.0,0.0
EG,50.0,50.0,50.0,50.0,50.0,0.0,0.0,0.0
EMW,0.0,0.0,0.0,0.0,0.0,0.0,0.0,0.0
ESR켄달스퀘어리츠,,,,,,,0.0,0.0
ES큐브,0.0,0.0,0.0,0.0,0.0,0.0,0.0,0.0
F&F,,,,,,,,
F&F홀딩스,,,,,,,,
FSN,,,,,,,,
GH신소재,50.0,75.0,90.0,90.0,90.0,0.0,0.0,0.0
GKL,1179.0,1002.0,831.0,1000.0,730.0,710.0,659.0,0.0
GRT,,,,0.0,72.0,0.0,0.0,0.0
GS,1350.0,1200.0,1500.0,1600.0,1800.0,1900.0,1900.0,1900.0
GST,50.0,70.0,0.0,0.0,100.0,0.0,200.0,150.0
GS건설,0.0,0.0,0.0,0.0,300.0,1000.0,1000.0,1200.0
GS글로벌,125.0,125.0,0.0,0.0,25.0,25.0,0.0,0.0
GS리테일,450.0,600.0,850.0,1100.0,600.0,650.0,750.0,900.0
GV,0.0,0.0,0.0,0.0,0.0,0.0,0.0,0.0
HB솔루션,,,,,,,0.0,0.0
HB테크놀러지,0.0,0.0,0.0,30.0,40.0,20.0,20.0,20.0
HDC,50.0,300.0,500.0,700.0,1000.0,150.0,200.0,250.0
HDC아이콘트롤스,2000.0,2000.0,250.0,300.0,250.0,350.0,350.0,400.0
HDC현대EP,80.0,100.0,130.0,140.0,120.0,60.0,120.0,140.0
HDC현대산업개발,,,,0.0,0.0,500.0,500.0,600.0
HK이노엔,,,,,,,0.0,0.0
HMM,0.0,0.0,0.0,0.0,0.0,0.0,0.0,0.0
HRS,70.0,80.0,30.0,80.0,80.0,30.0,0.0,0.0
HSD엔진,0.0,0.0,0.0,0.0,0.0,0.0,0.0,0.0
IBKS제12호스팩,,,,,,,0.0,0.0
IBKS제13호스팩,,,,,,,0.0,0.0
IBKS제14호스팩,,,,,,,0.0,0.0
IBKS제15호스팩,,,,,,,,
IBKS제16호스팩,,,,,,,,
IHQ,,,,,,,,
ISC,300.0,500.0,250.0,170.0,350.0,150.0,50.0,150.0
ITX-AI,0.0,0.0,0.0,0.0,0.0,0.0,0.0,0.0
JB금융지주,100.0,100.0,50.0,50.0,100.0,180.0,300.0,374.0
JTC,,,,598.0,598.0,199.0,65.0,32.0
JW생명과학,93.0,771.0,808.0,600.0,1000.0,500.0,500.0,500.0
JW신약,25.0,30.0,50.0,60.0,60.0,60.0,60.0,0.0
JW중외제약,125.0,125.0,150.0,250.0,275.0,325.0,325.0,325.0
JW홀딩스,25.0,25.0,45.0,75.0,75.0,85.0,90.0,90.0
JYP Ent.,0.0,0.0,0.0,0.0,0.0,0.0,155.0,154.0
KBI메탈,0.0,0.0,0.0,0.0,0.0,0.0,0.0,0.0
KB금융,500.0,780.0,980.0,1250.0,1920.0,1920.0,2210.0,1770.0
KB오토시스,125.0,180.0,200.0,300.0,250.0,280.0,230.0,170.0
KCC,,,,,,,,
KCC건설,0.0,250.0,0.0,100.0,130.0,130.0,150.0,180.0
KCC글라스,,,,,,,,
KCI,75.0,90.0,130.0,180.0,180.0,180.0,200.0,200.0
KCTC,,,,,,,,
KC그린홀딩스,100.0,50.0,80.0,100.0,110.0,80.0,60.0,40.0
KC코트렐,100.0,0.0,0.0,40.0,100.0,80.0,30.0,0.0
KD,0.0,0.0,0.0,0.0,0.0,0.0,0.0,0.0
KEC,0.0,0.0,0.0,0.0,12.0,0.0,0.0,0.0
KG ETS,50.0,100.0,100.0,100.0,100.0,100.0,110.0,110.0
KG동부제철,0.0,0.0,0.0,0.0,0.0,0.0,0.0,100.0
KG모빌리언스,125.0,150.0,150.0,200.0,200.0,200.0,200.0,220.0
KG이니시스,150.0,200.0,200.0,250.0,250.0,300.0,330.0,350.0
KG케미칼,1000.0,350.0,350.0,350.0,350.0,350.0,350.0,400.0
KH E&T,0.0,0.0,0.0,0.0,80.0,60.0,0.0,0.0
KH 일렉트론,250.0,300.0,500.0,400.0,250.0,0.0,0.0,0.0
KH 필룩스,35.0,40.0,0.0,78.0,50.0,0.0,0.0,0.0
KH바텍,370.0,500.0,300.0,50.0,0.0,0.0,0.0,0.0
KISCO홀딩스,900.0,900.0,900.0,180.0,250.0,280.0,280.0,300.0
KMH,0.0,0.0,0.0,0.0,0.0,120.0,70.0,0.0
KMH하이텍,0.0,0.0,0.0,0.0,0.0,0.0,0.0,0.0
KNN,250.0,250.0,250.0,20.0,25.0,25.0,20.0,15.0
KPX생명과학,0.0,0.0,0.0,0.0,234.0,0.0,0.0,0.0
KPX케미칼,1500.0,1750.0,1750.0,2000.0,2000.0,2000.0,2500.0,2750.0
KPX홀딩스,2050.0,2100.0,2100.0,2100.0,3850.0,2600.0,2600.0,3100.0
KR모터스,0.0,0.0,0.0,0.0,0.0,0.0,0.0,0.0
KSS해운,130.0,200.0,260.0,170.0,230.0,230.0,270.0,300.0
KT,,,,,,,,
KT&G,,,,,,,,
KTB투자증권,0.0,0.0,0.0,0.0,0.0,0.0,150.0,150.0
KTcs,120.0,120.0,100.0,80.0,80.0,90.0,80.0,80.0
KTis,120.0,120.0,100.0,80.0,80.0,80.0,90.0,80.0
KT서브마린,117.0,120.0,50.0,50.0,50.0,30.0,30.0,30.0
LF,400.0,500.0,500.0,500.0,500.0,500.0,500.0,500.0
LG,1000.0,1000.0,1300.0,1300.0,1300.0,2000.0,2200.0,2500.0
LG디스플레이,0.0,500.0,500.0,500.0,500.0,0.0,0.0,0.0
LG생활건강,3750.0,4000.0,5500.0,7500.0,9000.0,9250.0,11000.0,11000.0
LG유플러스,150.0,150.0,250.0,350.0,400.0,400.0,400.0,450.0
LG이노텍,0.0,250.0,350.0,250.0,250.0,300.0,300.0,700.0
LG전자,200.0,400.0,400.0,400.0,400.0,750.0,750.0,1200.0
LG헬로비전,75.0,75.0,75.0,75.0,75.0,75.0,75.0,75.0
LG화학,4000.0,4000.0,4500.0,5000.0,6000.0,6000.0,2000.0,10000.0
LIG넥스원,670.0,630.0,940.0,940.0,500.0,500.0,600.0,900.0
LS,1250.0,1250.0,1250.0,1250.0,1250.0,1250.0,1450.0,1450.0
LS ELECTRIC,,,,,,,,
LS네트웍스,60.0,60.0,0.0,0.0,0.0,0.0,0.0,0.0
LS전선아시아,,,,150.0,160.0,160.0,180.0,200.0
LX세미콘,600.0,600.0,1000.0,900.0,700.0,830.0,830.0,1350.0
LX인터내셔널,300.0,300.0,200.0,250.0,250.0,250.0,300.0,400.0
LX하우시스,1800.0,1800.0,1800.0,1800.0,1800.0,250.0,250.0,300.0
LX홀딩스,,,,,,,,
MH에탄올,0.0,200.0,250.0,300.0,350.0,350.0,350.0,350.0
NAVER,734.0,782.0,1100.0,1131.0,1446.0,314.0,376.0,402.0
NEW,0.0,0.0,0.0,0.0,0.0,0.0,0.0,0.0
NE능률,100.0,50.0,100.0,70.0,50.0,0.0,0.0,40.0
NHN,,,,,,,,
NHN벅스,0.0,0.0,0.0,0.0,0.0,0.0,0.0,0.0
NHN한국사이버결제,50.0,50.0,0.0,0.0,0.0,150.0,230.0,0.0
NH투자증권,50.0,160.0,400.0,400.0,500.0,500.0,500.0,700.0
NH프라임리츠,,,,,,,0.0,127.0
NICE,110.0,110.0,120.0,130.0,130.0,180.0,230.0,270.0
NICE평가정보,90.0,100.0,120.0,130.0,140.0,190.0,230.0,275.0
NI스틸,50.0,50.0,50.0,50.0,50.0,50.0,50.0,50.0
NPC,,,,,,,,
OCI,0.0,200.0,0.0,400.0,1950.0,850.0,0.0,0.0
OQP,0.0,0.0,0.0,0.0,0.0,0.0,0.0,0.0
PI첨단소재,6600.0,0.0,110.0,450.0,800.0,830.0,315.0,711.0
PN풍년,25.0,25.0,25.0,25.0,25.0,25.0,25.0,25.0
POSCO,,,,,,,,
RFHIC,0.0,0.0,0.0,0.0,50.0,200.0,200.0,100.0
RF머트리얼즈,,,,,,,0.0,0.0
S&K폴리텍,0.0,0.0,0.0,0.0,0.0,0.0,0.0,250.0
S-Oil,1330.0,150.0,2400.0,6200.0,5900.0,750.0,200.0,0.0
SBI인베스트먼트,0.0,0.0,0.0,0.0,0.0,0.0,0.0,0.0
SBI핀테크솔루션즈,,,,107.0,101.0,137.0,185.0,195.0
SBS,600.0,0.0,750.0,0.0,250.0,0.0,150.0,0.0
SBS미디어홀딩스,25.0,25.0,25.0,25.0,0.0,0.0,0.0,0.0
SBS콘텐츠허브,250.0,250.0,150.0,100.0,0.0,75.0,0.0,0.0
SCI평가정보,0.0,0.0,0.0,0.0,0.0,0.0,69.0,35.0
SDN,0.0,0.0,0.0,0.0,0.0,0.0,0.0,0.0
SFA반도체,0.0,0.0,0.0,0.0,0.0,0.0,0.0,0.0
SG,,,,0.0,50.0,60.0,0.0,0.0
SG&G,0.0,0.0,0.0,0.0,0.0,0.0,0.0,0.0
SGA,0.0,0.0,0.0,0.0,0.0,0.0,0.0,0.0
SGA솔루션즈,0.0,0.0,0.0,0.0,15.0,0.0,0.0,0.0
SGC에너지,750.0,750.0,750.0,750.0,350.0,750.0,1000.0,1500.0
SGC이테크건설,0.0,500.0,500.0,750.0,750.0,1000.0,1500.0,1500.0
SG글로벌,0.0,0.0,0.0,0.0,0.0,0.0,0.0,0.0
SG세계물산,0.0,0.0,0.0,0.0,0.0,0.0,0.0,0.0
SHD,150.0,200.0,350.0,250.0,100.0,100.0,100.0,100.0
SH에너지화학,15.0,45.0,44.0,55.0,43.0,23.0,0.0,0.0
SIMPAC,80.0,80.0,120.0,100.0,80.0,60.0,60.0,60.0
SJM,,,,,,,,
SJM홀딩스,,,,,,,,
SK,,,,,,,,
SK5호스팩,,,,,,,0.0,0.0
SK6호스팩,,,,,,,0.0,0.0
SKC,500.0,550.0,750.0,750.0,900.0,1000.0,1000.0,1000.0
SK가스,1700.0,2000.0,2000.0,2600.0,2600.0,3000.0,3000.0,4000.0
SK네트웍스,0.0,100.0,100.0,100.0,120.0,120.0,120.0,120.0
SK디스커버리,400.0,300.0,300.0,350.0,750.0,600.0,700.0,1000.0
SK디앤디,0.0,2600.0,400.0,530.0,600.0,600.0,600.0,600.0
SK렌터카,0.0,0.0,0.0,0.0,0.0,0.0,0.0,0.0
SK리츠,,,,,,,,
SK머티리얼즈,500.0,1000.0,2560.0,3550.0,3550.0,3750.0,3850.0,4000.0
SK바이오사이언스,,,,0.0,0.0,0.0,0.0,0.0
SK바이오팜,,,,,,,,
SK아이이테크놀로지,,,,,,,,
SK이노베이션,3200.0,0.0,4800.0,6400.0,8000.0,8000.0,3000.0,0.0
SK증권,0.0,0.0,0.0,0.0,0.0,10.0,10.0,10.0
SK케미칼,,,,0.0,0.0,400.0,450.0,2000.0
SK텔레콤,9400.0,9400.0,10000.0,10000.0,10000.0,10000.0,10000.0,10000.0
SK하이닉스,0.0,300.0,500.0,600.0,1000.0,1500.0,1000.0,1170.0
SM C&C,0.0,0.0,0.0,0.0,0.0,0.0,0.0,0.0
SM Life Design,0.0,0.0,0.0,0.0,0.0,0.0,0.0,0.0
SNK,,,,,,,0.0,0.0
SNT모티브,600.0,800.0,1000.0,1000.0,1000.0,1200.0,1400.0,1600.0
SNT에너지,300.0,500.0,500.0,0.0,0.0,0.0,800.0,800.0
SNT중공업,150.0,100.0,200.0,0.0,0.0,200.0,300.0,300.0
SNT홀딩스,400.0,200.0,250.0,350.0,200.0,400.0,500.0,650.0
SPC삼립,663.0,762.0,869.0,956.0,956.0,1004.0,1104.0,1104.0
STX,0.0,0.0,0.0,0.0,0.0,0.0,0.0,0.0
STX엔진,0.0,0.0,0.0,0.0,0.0,0.0,0.0,0.0
STX중공업,,,,,,,,
SUN&L,100.0,150.0,167.0,205.0,0.0,70.0,0.0,0.0
SV인베스트먼트,,,,,,,120.0,30.0
TBH글로벌,,,,,,,,
TCC스틸,50.0,50.0,0.0,0.0,0.0,80.0,30.0,15.0
THE E&M,0.0,0.0,0.0,0.0,0.0,0.0,0.0,0.0
THE MIDONG,0.0,50.0,0.0,0.0,0.0,0.0,0.0,0.0
THQ,0.0,200.0,0.0,0.0,0.0,0.0,0.0,0.0
TJ미디어,80.0,0.0,100.0,60.0,80.0,0.0,50.0,0.0
TPC,0.0,0.0,0.0,25.0,25.0,25.0,15.0,35.0
TS인베스트먼트,,,,0.0,15.0,20.0,25.0,25.0
TS트릴리온,,,,,,,20.0,10.0
TYM,150.0,100.0,150.0,10.0,15.0,10.0,0.0,0.0
UCI,0.0,0.0,0.0,0.0,0.0,0.0,0.0,0.0
WI,0.0,0.0,0.0,0.0,0.0,0.0,0.0,0.0
WISCOM,300.0,250.0,150.0,100.0,0.0,0.0,50.0,50.0
YBM넷,210.0,210.0,210.0,150.0,100.0,100.0,0.0,0.0
YG PLUS,0.0,0.0,0.0,0.0,0.0,0.0,0.0,0.0
YTN,10.0,10.0,0.0,15.0,20.0,20.0,10.0,30.0
YW,100.0,100.0,0.0,100.0,100.0,100.0,50.0,100.0
iMBC,45.0,30.0,30.0,45.0,0.0,0.0,0.0,0.0
가비아,20.0,20.0,30.0,30.0,30.0,30.0,40.0,60.0
가온미디어,70.0,100.0,100.0,100.0,120.0,100.0,100.0,50.0
가온전선,1000.0,600.0,600.0,600.0,600.0,600.0,600.0,600.0
감성코퍼레이션,0.0,0.0,0.0,0.0,0.0,0.0,0.0,0.0
강남제비스코,450.0,500.0,500.0,500.0,550.0,550.0,500.0,500.0
강스템바이오텍,0.0,0.0,0.0,0.0,0.0,0.0,0.0,0.0
강원,30.0,0.0,0.0,0.0,0.0,0.0,,
강원랜드,730.0,850.0,980.0,990.0,990.0,900.0,,
갤럭시아머니트리,0.0,0.0,0.0,25.0,30.0,35.0,55.0,55.0
갤럭시아에스엠,0.0,0.0,0.0,0.0,0.0,0.0,0.0,0.0
게임빌,0.0,0.0,0.0,0.0,0.0,0.0,0.0,0.0
경남스틸,250.0,300.0,300.0,150.0,350.0,70.0,90.0,0.0
경남제약,,,,,,,,
경남제약헬스케어,0.0,0.0,100.0,0.0,0.0,0.0,0.0,0.0
경농,200.0,220.0,240.0,265.0,295.0,250.0,220.0,250.0
경동나비엔,100.0,100.0,100.0,150.0,200.0,250.0,300.0,350.0
경동도시가스,,,,0.0,750.0,875.0,875.0,875.0
경동인베스트,1250.0,1250.0,1250.0,1250.0,500.0,500.0,500.0,500.0
경동제약,600.0,600.0,600.0,350.0,400.0,300.0,400.0,500.0
경방,250.0,500.0,1250.0,180.0,180.0,125.0,125.0,125.0
경보제약,3000.0,3000.0,275.0,200.0,250.0,200.0,100.0,100.0
경인양행,50.0,50.0,50.0,50.0,50.0,50.0,50.0,50.0
경인전자,,,,,,,,
경창산업,100.0,80.0,50.0,0.0,0.0,0.0,0.0,0.0
계룡건설,,,,,,,,
계양전기,50.0,45.0,55.0,65.0,55.0,60.0,35.0,35.0
고려산업,25.0,45.0,30.0,30.0,35.0,30.0,30.0,35.0
고려시멘트,,,,,,,,
고려신용정보,50.0,75.0,150.0,175.0,200.0,220.0,250.0,275.0
고려아연,5000.0,6500.0,8500.0,8500.0,10000.0,11000.0,11000.0,14000.0
고려제강,350.0,350.0,350.0,350.0,350.0,350.0,350.0,300.0
고려제약,60.0,70.0,70.0,100.0,90.0,100.0,100.0,150.0
고바이오랩,,,,,,,0.0,0.0
고영,,,,,,,,
골드앤에스,0.0,0.0,0.0,0.0,0.0,0.0,0.0,0.0
골드퍼시픽,0.0,0.0,0.0,0.0,0.0,0.0,0.0,0.0
골든센츄리,,,,82.0,52.0,0.0,3.0,0.0
골프존,0.0,0.0,4000.0,1600.0,2400.0,1850.0,2050.0,2500.0
골프존뉴딘홀딩스,400.0,500.0,580.0,117.0,117.0,117.0,117.0,117.0
광동제약,70.0,80.0,80.0,80.0,80.0,80.0,80.0,100.0
광림,,,,,,,,
광명전기,,,,,,,,
광전자,0.0,0.0,0.0,0.0,50.0,50.0,50.0,0.0
광주신세계,1250.0,1250.0,1250.0,1250.0,1250.0,3000.0,3500.0,3500.0
광진실업,25.0,25.0,0.0,0.0,0.0,25.0,0.0,0.0
광진윈텍,30.0,30.0,30.0,30.0,30.0,50.0,100.0,120.0
교보10호스팩,,,,,,,,
교보9호스팩,,,,,,,0.0,0.0
교보증권,0.0,100.0,150.0,170.0,300.0,350.0,400.0,450.0
교촌에프앤비,,,,,,,96.0,200.0
구영테크,0.0,0.0,100.0,0.0,50.0,30.0,30.0,30.0
국도화학,1000.0,1000.0,1500.0,1200.0,1500.0,1500.0,1500.0,1200.0
국동,0.0,0.0,0.0,0.0,0.0,0.0,0.0,50.0
국보,,,,,,,,
국보디자인,230.0,250.0,250.0,250.0,280.0,280.0,300.0,320.0
국순당,45.0,50.0,50.0,50.0,170.0,260.0,100.0,160.0
국영지앤엠,0.0,15.0,0.0,0.0,0.0,15.0,0.0,15.0
국일신동,0.0,25.0,50.0,50.0,75.0,50.0,50.0,30.0
국일제지,0.0,0.0,0.0,0.0,0.0,0.0,0.0,0.0
국전약품,,,,,,,,
국제약품,10.0,10.0,0.0,10.0,10.0,30.0,0.0,0.0
그리티,,,,112.0,232.0,180.0,30.0,30.0
그린케미칼,,,,,,,,
그린플러스,0.0,0.0,0.0,0.0,0.0,0.0,0.0,0.0
극동유화,800.0,700.0,1000.0,115.0,160.0,160.0,160.0,140.0
글로벌에스엠,0.0,0.0,0.0,0.0,0.0,0.0,0.0,0.0
글로벌텍스프리,,,,,,,,
글로본,,,,0.0,0.0,0.0,0.0,0.0
금강공업,350.0,400.0,400.0,500.0,500.0,500.0,80.0,40.0
금강철강,,,,,,,,
금비,1200.0,1000.0,1500.0,1800.0,1500.0,1700.0,1700.0,1300.0
금양,45.0,60.0,60.0,0.0,0.0,80.0,0.0,0.0
금호건설,,,,,,,,
금호석유,,,,,,,,
금호에이치티,71.0,118.0,125.0,100.0,75.0,0.0,0.0,0.0
금호전기,100.0,0.0,0.0,0.0,0.0,0.0,0.0,0.0
금호타이어,0.0,0.0,0.0,0.0,0.0,0.0,0.0,0.0
금화피에스시,900.0,900.0,900.0,900.0,900.0,1300.0,1300.0,1300.0
기가레인,,,,,,,,
기산텔레콤,0.0,0.0,0.0,0.0,0.0,0.0,0.0,0.0
기신정기,,,,150.0,150.0,150.0,150.0,150.0
기아,700.0,1000.0,1100.0,1100.0,800.0,900.0,1150.0,1000.0
기업은행,330.0,430.0,450.0,480.0,617.0,690.0,670.0,471.0
까뮤이앤씨,0.0,150.0,150.0,150.0,200.0,20.0,30.0,20.0
까스텔바작,,,,,,,0.0,0.0
깨끗한나라,0.0,0.0,0.0,0.0,0.0,0.0,0.0,100.0
나노,,,,,,,,
나노브릭,,,,,,,0.0,0.0
나노스,100.0,150.0,0.0,0.0,0.0,0.0,0.0,0.0
나노신소재,0.0,150.0,150.0,100.0,130.0,140.0,120.0,100.0
나노씨엠에스,,,,,,,0.0,0.0
나노엔텍,0.0,0.0,0.0,0.0,0.0,0.0,0.0,0.0
나노캠텍,50.0,30.0,0.0,0.0,0.0,0.0,0.0,0.0
나라엠앤디,120.0,120.0,110.0,100.0,80.0,70.0,60.0,50.0
나무가,0.0,0.0,0.0,0.0,0.0,0.0,0.0,0.0
나무기술,0.0,0.0,2400.0,,,,,
나스미디어,170.0,290.0,360.0,390.0,690.0,530.0,660.0,800.0
나우IB,,,,250.0,0.0,150.0,150.0,150.0
나이벡,0.0,0.0,0.0,0.0,0.0,0.0,0.0,0.0
나이스디앤비,59.0,71.0,84.0,84.0,96.0,150.0,175.0,200.0
나이스정보통신,230.0,240.0,300.0,350.0,350.0,420.0,460.0,460.0
나인테크,,,,,,,,
남광토건,0.0,0.0,0.0,0.0,0.0,0.0,0.0,0.0
남선알미늄,0.0,0.0,0.0,0.0,0.0,0.0,0.0,0.0
남성,,,,,,,,
남양유업,1000.0,1000.0,1000.0,1000.0,1000.0,1000.0,1000.0,1000.0
남해화학,50.0,60.0,60.0,45.0,80.0,50.0,60.0,80.0
남화산업,,,,0.0,5000.0,40.0,50.0,100.0
남화토건,100.0,100.0,70.0,100.0,100.0,70.0,70.0,100.0
내츄럴엔도텍,0.0,0.0,0.0,0.0,0.0,0.0,0.0,0.0
네오리진,0.0,0.0,0.0,0.0,0.0,0.0,0.0,0.0
네오셈,,,,,,,,
네오오토,0.0,0.0,0.0,150.0,80.0,60.0,50.0,50.0
네오위즈,0.0,0.0,0.0,0.0,0.0,0.0,0.0,0.0
네오위즈홀딩스,0.0,0.0,330.0,0.0,0.0,0.0,123.0,0.0
네오이뮨텍(Reg.S),,,,,,,,
네오크레마,,,,,,,0.0,0.0
네오티스,350.0,350.0,350.0,350.0,350.0,250.0,250.0,250.0
네오팜,100.0,250.0,250.0,350.0,500.0,650.0,750.0,650.0
네오펙트,,,,0.0,0.0,0.0,0.0,0.0
네온테크,,,,,,,,
네이블,,,,,,,,
네이처셀,0.0,0.0,0.0,0.0,0.0,0.0,0.0,0.0
네패스,0.0,0.0,50.0,0.0,100.0,100.0,270.0,0.0
네패스아크,,,,,,,0.0,0.0
넥센,,,,,,,,
넥센타이어,65.0,75.0,80.0,100.0,100.0,100.0,105.0,105.0
넥스턴바이오,100.0,100.0,60.0,150.0,200.0,100.0,100.0,0.0
넥스트BT,0.0,0.0,0.0,0.0,0.0,0.0,0.0,0.0
넥스트사이언스,0.0,0.0,0.0,0.0,0.0,0.0,0.0,0.0
넥스트아이,75.0,50.0,50.0,75.0,6.0,7.0,0.0,0.0
넥스틴,,,,,,,0.0,0.0
넥슨지티,0.0,0.0,0.0,0.0,0.0,0.0,0.0,0.0
넵튠,,,,,,,,
넷게임즈,,,,,,,,
넷마블,,,,,,,,
노랑풍선,,,,0.0,0.0,370.0,200.0,0.0
노루페인트,200.0,200.0,200.0,200.0,250.0,250.0,275.0,275.0
노루홀딩스,400.0,400.0,400.0,450.0,450.0,450.0,400.0,450.0
노바렉스,74.0,100.0,150.0,150.0,200.0,200.0,200.0,300.0
노바텍,,,,0.0,0.0,0.0,242.0,300.0
노터스,,,,,,,0.0,150.0
녹십자,1250.0,1250.0,1750.0,1250.0,1250.0,1000.0,1000.0,1500.0
녹십자랩셀,,,,75.0,50.0,35.0,25.0,100.0
녹십자셀,0.0,0.0,0.0,50.0,50.0,100.0,100.0,100.0
녹십자엠에스,0.0,50.0,0.0,0.0,0.0,0.0,0.0,0.0
녹십자웰빙,,,,,,,80.0,50.0
녹십자홀딩스,250.0,300.0,300.0,300.0,300.0,250.0,325.0,500.0
녹원씨엔아이,,,,,,,,
농심,4000.0,4000.0,4000.0,4000.0,4000.0,4000.0,4000.0,4000.0
농심홀딩스,2000.0,2000.0,2000.0,2000.0,2000.0,2000.0,2000.0,2000.0
농우바이오,250.0,250.0,0.0,0.0,200.0,350.0,200.0,200.0
누리플랜,0.0,0.0,0.0,0.0,0.0,0.0,0.0,0.0
누리플렉스,0.0,0.0,0.0,0.0,0.0,50.0,50.0,0.0
뉴로스,0.0,0.0,0.0,0.0,0.0,0.0,0.0,0.0
뉴보텍,0.0,0.0,0.0,0.0,0.0,0.0,0.0,0.0
뉴인텍,0.0,0.0,0.0,0.0,0.0,0.0,0.0,0.0
뉴지랩파마,0.0,0.0,50.0,0.0,0.0,0.0,0.0,0.0
뉴트리,,,,0.0,200.0,100.0,150.0,250.0
뉴파워프라즈마,,,,130.0,280.0,0.0,0.0,50.0
뉴프렉스,0.0,0.0,0.0,0.0,0.0,60.0,0.0,0.0
다나와,220.0,220.0,250.0,300.0,230.0,320.0,400.0,600.0
다날,0.0,0.0,0.0,0.0,0.0,0.0,0.0,0.0
다믈멀티미디어,0.0,0.0,0.0,0.0,0.0,0.0,0.0,0.0
다보링크,,,,,,,,
다산네트웍스,0.0,0.0,0.0,0.0,0.0,0.0,0.0,0.0
다스코,100.0,100.0,150.0,200.0,250.0,200.0,0.0,0.0
다우기술,,,,250.0,300.0,350.0,400.0,500.0
다우데이타,,,,100.0,130.0,160.0,180.0,250.0
다원시스,60.0,60.0,50.0,50.0,50.0,50.0,100.0,100.0
다이나믹디자인,0.0,0.0,0.0,100.0,0.0,0.0,0.0,0.0
대교,,,,,,,,
대구백화점,,,,250.0,200.0,150.0,100.0,100.0
대덕,,,,,,,,
대덕전자,,,,,,,0.0,300.0
대동,,,,,,,,
대동금속,,,,,,,,
대동기어,300.0,300.0,300.0,200.0,250.0,250.0,25.0,40.0
대동스틸,30.0,30.0,30.0,50.0,70.0,50.0,30.0,30.0
대동전자,,,,,,,,
대륙제관,50.0,60.0,90.0,120.0,100.0,80.0,100.0,150.0
대림B&Co,,,,,,,,
대림제지,0.0,50.0,0.0,0.0,0.0,0.0,0.0,75.0
대림통상,150.0,150.0,150.0,150.0,150.0,150.0,140.0,0.0
대명소노시즌,0.0,0.0,0.0,0.0,0.0,0.0,0.0,0.0
대모,,,,,,,70.0,40.0
대보마그네틱,,,,152.0,0.0,0.0,0.0,0.0
대봉엘에스,50.0,50.0,50.0,50.0,50.0,50.0,50.0,50.0
대상,150.0,300.0,400.0,400.0,500.0,550.0,600.0,700.0
대상홀딩스,120.0,170.0,170.0,170.0,180.0,190.0,200.0,220.0
대성미생물,850.0,850.0,1000.0,1000.0,850.0,85.0,85.0,85.0
대성산업,,,,,,,,
대성에너지,250.0,250.0,250.0,250.0,250.0,250.0,250.0,250.0
대성엘텍,0.0,0.0,0.0,0.0,0.0,0.0,0.0,0.0
대성창투,0.0,30.0,30.0,30.0,0.0,0.0,0.0,0.0
대성파인텍,110.0,110.0,120.0,0.0,0.0,0.0,0.0,0.0
대성홀딩스,,,,,,,,
대신밸런스제10호스팩,,,,,,,,
대신밸런스제7호스팩,,,,,,,0.0,0.0
대신밸런스제8호스팩,,,,,,,0.0,0.0
대신밸런스제9호스팩,,,,,,,0.0,0.0
대신정보통신,,,,15.0,15.0,10.0,10.0,10.0
대신증권,200.0,250.0,500.0,550.0,610.0,620.0,1000.0,1200.0
대아티아이,0.0,0.0,0.0,0.0,20.0,20.0,20.0,20.0
대양금속,0.0,0.0,0.0,0.0,0.0,0.0,0.0,0.0
대양전기공업,0.0,0.0,0.0,0.0,0.0,0.0,200.0,200.0
대양제지,375.0,250.0,0.0,0.0,25.0,50.0,40.0,40.0
대영포장,0.0,0.0,0.0,0.0,0.0,0.0,0.0,0.0
대우건설,0.0,0.0,0.0,0.0,0.0,0.0,0.0,0.0
대우부품,0.0,0.0,0.0,0.0,0.0,0.0,0.0,0.0
대우조선해양,300.0,150.0,0.0,0.0,0.0,0.0,0.0,0.0
대웅,,,,,,,,
대웅제약,800.0,700.0,700.0,600.0,600.0,600.0,600.0,600.0
대원,,,,,,,,
대원강업,120.0,120.0,125.0,125.0,115.0,115.0,115.0,100.0
대원미디어,0.0,0.0,0.0,0.0,0.0,100.0,0.0,0.0
대원산업,,,,,,,,
대원전선,0.0,0.0,0.0,0.0,0.0,0.0,0.0,0.0
대원제약,75.0,150.0,200.0,260.0,260.0,260.0,260.0,160.0
대원화성,,,,,,,,
대유,,,,,,,,
대유에이텍,,,,,,,,
대유에이피,,,,0.0,0.0,200.0,200.0,200.0
대유플러스,,,,,,,,
대정화금,250.0,250.0,250.0,250.0,270.0,300.0,300.0,300.0
대주산업,,,,,,,,
대주전자재료,0.0,0.0,0.0,0.0,0.0,0.0,0.0,50.0
대창,,,,,,,,
대창단조,1000.0,2000.0,1300.0,1300.0,1000.0,1000.0,1100.0,180.0
대창솔루션,30.0,30.0,30.0,0.0,0.0,0.0,0.0,0.0
대창스틸,,,,,,,,
대한과학,0.0,0.0,25.0,40.0,50.0,60.0,60.0,60.0
대한광통신,0.0,0.0,0.0,0.0,0.0,0.0,0.0,0.0
대한그린파워,0.0,0.0,0.0,0.0,0.0,0.0,0.0,0.0
대한뉴팜,0.0,0.0,0.0,50.0,0.0,0.0,0.0,0.0
대한방직,0.0,0.0,0.0,0.0,0.0,300.0,0.0,0.0
대한약품,120.0,150.0,180.0,220.0,300.0,300.0,400.0,400.0
대한유화,1000.0,1500.0,3000.0,4000.0,4000.0,4000.0,2500.0,3000.0
대한전선,0.0,0.0,0.0,0.0,0.0,0.0,0.0,0.0
대한제강,100.0,100.0,250.0,330.0,300.0,150.0,200.0,300.0
대한제당,500.0,550.0,450.0,650.0,550.0,550.0,675.0,900.0
대한제분,2000.0,2500.0,2000.0,2000.0,2000.0,2500.0,2000.0,2000.0
대한항공,0.0,0.0,0.0,0.0,250.0,250.0,0.0,0.0
대한해운,,,,,,,,
대한화섬,750.0,0.0,0.0,0.0,825.0,750.0,410.0,410.0
대현,,,,,,,,
대호에이엘,0.0,0.0,0.0,0.0,0.0,0.0,0.0,0.0
대호특수강,0.0,0.0,0.0,0.0,0.0,0.0,0.0,0.0
대화제약,100.0,100.0,100.0,100.0,150.0,150.0,150.0,150.0
더네이쳐홀딩스,,,,,,,0.0,400.0
더블유게임즈,0.0,0.0,0.0,650.0,350.0,350.0,350.0,350.0
더블유에스아이,,,,,,,,
더존비즈온,150.0,200.0,220.0,290.0,400.0,450.0,470.0,450.0
덕산네오룩스,0.0,0.0,0.0,0.0,0.0,0.0,0.0,0.0
덕산테코피아,,,,,,,0.0,0.0
덕산하이메탈,0.0,0.0,0.0,0.0,0.0,0.0,0.0,0.0
덕성,,,,,,,,
덕신하우징,75.0,120.0,0.0,0.0,0.0,30.0,0.0,0.0
덕양산업,387.0,40.0,20.0,0.0,0.0,20.0,0.0,0.0
덕우전자,,,,0.0,0.0,200.0,140.0,140.0
데브시스터즈,0.0,0.0,0.0,0.0,0.0,0.0,0.0,0.0
데이타솔루션,,,,,,,,
덱스터,0.0,0.0,0.0,0.0,0.0,0.0,0.0,0.0
덴티스,,,,,,,,
덴티움,,,,100.0,150.0,150.0,0.0,200.0
도이치모터스,,,,,,,,
도화엔지니어링,100.0,100.0,150.0,170.0,190.0,220.0,250.0,280.0
동구바이오제약,,,,0.0,0.0,0.0,100.0,100.0
동국S&C,70.0,70.0,100.0,120.0,100.0,80.0,100.0,100.0
동국산업,120.0,120.0,140.0,150.0,150.0,130.0,130.0,130.0
동국알앤에스,0.0,0.0,0.0,0.0,0.0,0.0,80.0,80.0
동국제강,150.0,0.0,0.0,150.0,100.0,0.0,0.0,200.0
동국제약,280.0,300.0,300.0,400.0,520.0,520.0,800.0,180.0
동남합성,200.0,200.0,200.0,200.0,200.0,3400.0,200.0,9900.0
동방,,,,,,,,
동방선기,0.0,0.0,0.0,0.0,0.0,0.0,0.0,0.0
동방아그로,200.0,200.0,220.0,250.0,250.0,250.0,250.0,370.0
동부건설,0.0,0.0,0.0,0.0,0.0,300.0,700.0,900.0
동서,,,,,,,,
동성제약,30.0,0.0,0.0,0.0,0.0,0.0,0.0,0.0
동성케미컬,100.0,170.0,200.0,200.0,200.0,200.0,200.0,250.0
동성화인텍,70.0,130.0,130.0,130.0,0.0,0.0,220.0,350.0
동신건설,200.0,100.0,100.0,100.0,100.0,150.0,0.0,150.0
동아쏘시오홀딩스,1000.0,1000.0,1000.0,1000.0,1000.0,1000.0,1000.0,1000.0
동아에스티,250.0,750.0,1000.0,500.0,500.0,1000.0,1000.0,1000.0
동아엘텍,80.0,80.0,130.0,130.0,200.0,150.0,150.0,150.0
동아지질,175.0,175.0,175.0,200.0,200.0,200.0,200.0,75.0
동아타이어,,,,0.0,0.0,300.0,500.0,800.0
동아화성,80.0,80.0,60.0,100.0,50.0,50.0,50.0,120.0
동양,,,,,,,,
동양고속,1000.0,1250.0,1750.0,200.0,800.0,1000.0,4700.0,500.0
동양생명,200.0,550.0,620.0,200.0,360.0,100.0,230.0,220.0
동양에스텍,100.0,100.0,100.0,100.0,150.0,100.0,100.0,100.0
동양이엔피,300.0,300.0,300.0,300.0,300.0,300.0,300.0,400.0
동양철관,0.0,0.0,0.0,0.0,0.0,0.0,0.0,0.0
동양파일,,,,250.0,150.0,0.0,0.0,0.0
동양피스톤,,,,0.0,100.0,120.0,120.0,60.0
동우팜투테이블,0.0,0.0,50.0,0.0,50.0,50.0,0.0,0.0
동운아나텍,90.0,100.0,140.0,30.0,20.0,20.0,50.0,20.0
동원F&B,0.0,0.0,0.0,2500.0,2500.0,3000.0,3000.0,3500.0
동원개발,,,,,,,,
동원금속,,,,100.0,0.0,0.0,0.0,0.0
동원산업,,,,,,,,
동원수산,0.0,0.0,0.0,0.0,0.0,0.0,0.0,0.0
동원시스템즈,0.0,250.0,250.0,250.0,500.0,500.0,500.0,600.0
동일고무벨트,40.0,60.0,60.0,80.0,80.0,90.0,100.0,100.0
동일금속,150.0,140.0,160.0,100.0,140.0,230.0,280.0,300.0
동일기연,,,,,,,,
동일산업,,,,,,,,
동일제강,0.0,0.0,20.0,20.0,10.0,0.0,10.0,0.0
동일철강,,,,,,,,
동진쎄미켐,60.0,60.0,60.0,60.0,90.0,90.0,90.0,100.0
동화기업,,,,,,,,
동화약품,70.0,80.0,80.0,110.0,150.0,120.0,120.0,180.0
두산,3500.0,4000.0,4550.0,5100.0,5100.0,5200.0,5200.0,2000.0
두산밥캣,,,,700.0,800.0,900.0,1200.0,0.0
두산중공업,750.0,750.0,850.0,550.0,0.0,0.0,0.0,0.0
두산퓨얼셀,,,,,,,0.0,0.0
두올,,,,115.0,100.0,80.0,80.0,80.0
듀오백,0.0,0.0,0.0,0.0,0.0,0.0,0.0,0.0
드래곤플라이,,,,,,,,
드림시큐리티,,,,,,,,
드림씨아이에스,,,,,,,0.0,0.0
드림어스컴퍼니,0.0,0.0,0.0,0.0,0.0,0.0,0.0,0.0
드림텍,,,,,,,,
디딤,,,,,,,,
디바이스이엔지,,,,0.0,140.0,185.0,0.0,600.0
디스플레이텍,100.0,150.0,100.0,50.0,100.0,100.0,100.0,80.0
디씨엠,,,,,,,,
디아이,0.0,75.0,50.0,50.0,100.0,50.0,50.0,100.0
디아이씨,,,,,,,,
디아이티,,,,0.0,100.0,120.0,200.0,0.0
디알젬,,,,130.0,80.0,50.0,50.0,200.0
디알텍,,,,,,,,
디앤디플랫폼리츠,,,,,,,,
디앤씨미디어,,,,0.0,0.0,0.0,0.0,0.0
디에스케이,,,,,,,,
디에이치피코리아,,,,,,,,
디에이테크놀로지,40.0,50.0,50.0,100.0,50.0,0.0,0.0,0.0
디에이피,0.0,0.0,0.0,0.0,0.0,0.0,0.0,0.0
디엔에이링크,0.0,0.0,0.0,0.0,0.0,0.0,0.0,0.0
디엔에프,0.0,0.0,0.0,0.0,300.0,200.0,0.0,200.0
디엠티,,,,,,,,
디오,0.0,0.0,0.0,0.0,0.0,0.0,0.0,0.0
디와이,,,,,,,,
디와이파워,0.0,0.0,100.0,120.0,180.0,200.0,200.0,220.0
디와이피엔에프,50.0,120.0,120.0,100.0,0.0,150.0,350.0,420.0
디이엔티,0.0,0.0,0.0,0.0,0.0,0.0,0.0,0.0
디젠스,0.0,0.0,25.0,0.0,0.0,0.0,0.0,0.0
디지아이,50.0,50.0,50.0,50.0,50.0,0.0,0.0,0.0
디지캡,0.0,0.0,0.0,0.0,0.0,0.0,70.0,30.0
디지탈옵틱,150.0,0.0,0.0,0.0,0.0,0.0,0.0,0.0
디지털대성,120.0,160.0,160.0,160.0,200.0,200.0,300.0,300.0
디지틀조선,40.0,40.0,40.0,40.0,40.0,40.0,30.0,20.0
디케이락,100.0,200.0,150.0,100.0,100.0,150.0,200.0,150.0
디케이앤디,,,,0.0,0.0,0.0,0.0,0.0
디케이티,,,,0.0,0.0,0.0,0.0,0.0
디티알오토모티브,100.0,150.0,250.0,350.0,700.0,1000.0,1500.0,2000.0
디티앤씨,2500.0,0.0,0.0,0.0,0.0,0.0,0.0,0.0
디피씨,50.0,50.0,50.0,70.0,70.0,70.0,80.0,90.0
딜리,45.0,50.0,60.0,50.0,50.0,35.0,40.0,40.0
딥노이드,,,,,,,,
라닉스,,,,,,,0.0,0.0
라온시큐어,0.0,0.0,0.0,0.0,0.0,0.0,0.0,0.0
라온테크,,,,,,,,
라온피플,,,,,,,150.0,100.0
라이온켐텍,200.0,100.0,200.0,200.0,300.0,200.0,150.0,200.0
라이트론,0.0,0.0,0.0,0.0,0.0,0.0,0.0,0.0
라이프시맨틱스,,,,,,,0.0,0.0
라파스,,,,0.0,0.0,0.0,0.0,0.0
락앤락,100.0,150.0,200.0,500.0,130.0,80.0,0.0,0.0
램테크놀러지,0.0,0.0,0.0,0.0,0.0,0.0,0.0,0.0
랩지노믹스,0.0,0.0,0.0,0.0,0.0,0.0,0.0,0.0
러셀,,,,,,,,
레고켐바이오,0.0,0.0,0.0,0.0,0.0,0.0,0.0,0.0
레드로버,,,,,,,,
레드캡투어,600.0,600.0,600.0,600.0,600.0,800.0,800.0,600.0
레몬,,,,0.0,0.0,0.0,0.0,0.0
레이,,,,,,,0.0,0.0
레이언스,0.0,0.0,0.0,300.0,100.0,100.0,300.0,100.0
레이크머티리얼즈,,,,,,,,
레인보우로보틱스,,,,,,,0.0,0.0
로보로보,,,,,,,,
로보스타,0.0,0.0,70.0,50.0,50.0,50.0,0.0,0.0
로보티즈,,,,0.0,0.0,0.0,0.0,0.0
로스웰,,,,52.0,54.0,0.0,0.0,0.0
로지시스,180.0,185.0,60.0,60.0,80.0,100.0,60.0,100.0
로체시스템즈,50.0,0.0,0.0,50.0,20.0,0.0,0.0,0.0
롯데관광개발,0.0,0.0,0.0,0.0,0.0,0.0,0.0,0.0
롯데렌탈,888.0,0.0,0.0,0.0,0.0,0.0,180.0,300.0
롯데리츠,,,,,,,96.0,161.0
롯데손해보험,0.0,0.0,0.0,10.0,20.0,0.0,0.0,0.0
롯데쇼핑,1500.0,2000.0,2000.0,2000.0,5200.0,5200.0,3800.0,2800.0
롯데정밀화학,300.0,300.0,500.0,300.0,800.0,1700.0,1700.0,1500.0
롯데정보통신,,,,0.0,0.0,650.0,700.0,700.0
롯데제과,,,,0.0,280.0,1300.0,1300.0,1600.0
롯데지주,4000.0,5200.0,11270.0,1130.0,0.0,800.0,1100.0,1000.0
롯데칠성,,,,,,,,
롯데케미칼,1000.0,1000.0,2500.0,4000.0,10500.0,10500.0,6700.0,3600.0
롯데푸드,1500.0,2500.0,4780.0,6000.0,22000.0,15000.0,12000.0,12000.0
롯데하이마트,250.0,330.0,430.0,500.0,1850.0,1700.0,1000.0,1200.0
루멘스,,,,,,,,
루트로닉,0.0,25.0,50.0,75.0,15.0,0.0,0.0,0.0
룽투코리아,0.0,0.0,0.0,0.0,0.0,0.0,0.0,0.0
리노공업,550.0,700.0,800.0,900.0,1000.0,1100.0,1200.0,1500.0
리노스,0.0,50.0,50.0,30.0,0.0,0.0,0.0,0.0
리더스 기술투자,,,,0.0,0.0,0.0,0.0,0.0
리더스코스메틱,0.0,0.0,0.0,0.0,0.0,0.0,0.0,0.0
리드코프,100.0,100.0,150.0,150.0,200.0,150.0,150.0,800.0
리메드,,,,0.0,0.0,0.0,0.0,0.0
릭스솔루션,0.0,0.0,0.0,0.0,0.0,0.0,0.0,0.0
린드먼아시아,,,,0.0,0.0,73.0,89.0,38.0
링네트,0.0,0.0,0.0,0.0,0.0,0.0,0.0,0.0
링크제니시스,0.0,0.0,0.0,0.0,0.0,0.0,0.0,0.0
마니커,0.0,0.0,0.0,0.0,0.0,0.0,0.0,0.0
마니커에프앤지,,,,,,,0.0,0.0
마이더스AI,0.0,0.0,0.0,0.0,0.0,0.0,0.0,0.0
마이크로디지탈,,,,,,,0.0,0.0
마이크로컨텍솔,100.0,160.0,80.0,20.0,0.0,0.0,0.0,25.0
마이크로프랜드,,,,0.0,0.0,0.0,0.0,0.0
마크로젠,0.0,0.0,0.0,0.0,0.0,0.0,0.0,300.0
만도,0.0,2000.0,4800.0,5000.0,1000.0,500.0,550.0,0.0
만호제강,,,,150.0,150.0,150.0,200.0,200.0
맘스터치,0.0,0.0,0.0,25.0,28.0,30.0,50.0,30.0
매일유업,,,,0.0,450.0,700.0,800.0,800.0
매일홀딩스,125.0,125.0,125.0,250.0,100.0,120.0,140.0,140.0
매직마이크로,0.0,0.0,0.0,0.0,0.0,0.0,0.0,0.0
매커스,0.0,0.0,80.0,100.0,120.0,120.0,100.0,100.0
맥스트,,,,,,,,
맥쿼리인프라,,,,,,,,
맵스리얼티1,,,,,,,,
머큐리,,,,0.0,0.0,0.0,0.0,0.0
멀티캠퍼스,250.0,250.0,250.0,250.0,500.0,500.0,600.0,500.0
메가스터디,2000.0,2200.0,600.0,700.0,700.0,400.0,450.0,600.0
메가스터디교육,0.0,0.0,1200.0,1000.0,1300.0,850.0,1100.0,750.0
메가엠디,0.0,0.0,0.0,100.0,50.0,50.0,50.0,100.0
메드팩토,,,,,,,0.0,0.0
메디아나,0.0,0.0,0.0,0.0,50.0,0.0,0.0,50.0
메디앙스,0.0,0.0,10.0,0.0,0.0,0.0,0.0,0.0
메디콕스,,,,0.0,0.0,0.0,0.0,0.0
메디톡스,1000.0,1500.0,1700.0,2000.0,2200.0,900.0,800.0,1000.0
메디포스트,0.0,0.0,0.0,0.0,0.0,0.0,0.0,0.0
메디프론,0.0,0.0,0.0,0.0,0.0,0.0,0.0,0.0
메리츠금융지주,90.0,85.0,155.0,300.0,520.0,470.0,550.0,900.0
메리츠증권,70.0,145.0,230.0,200.0,200.0,200.0,200.0,320.0
메리츠화재,320.0,380.0,570.0,830.0,1140.0,820.0,850.0,1280.0
메이슨캐피탈,,,,0.0,0.0,0.0,0.0,0.0
메지온,0.0,0.0,0.0,0.0,0.0,0.0,0.0,0.0
메카로,,,,0.0,610.0,575.0,160.0,0.0
메타랩스,0.0,0.0,0.0,0.0,0.0,0.0,0.0,0.0
메타바이오메드,15.0,10.0,10.0,10.0,10.0,10.0,10.0,10.0
멕아이씨에스,0.0,0.0,0.0,0.0,0.0,0.0,0.0,144.0
멜파스,0.0,0.0,0.0,0.0,0.0,0.0,0.0,0.0
명문제약,16.0,18.0,18.0,50.0,100.0,0.0,0.0,0.0
명성티엔에스,,,,0.0,0.0,0.0,0.0,0.0
명신산업,,,,,,,,
모나리자,0.0,0.0,50.0,75.0,100.0,50.0,50.0,75.0
모나미,50.0,50.0,60.0,70.0,70.0,70.0,70.0,70.0
모다이노칩,150.0,200.0,100.0,0.0,0.0,0.0,0.0,0.0
모두투어,500.0,510.0,390.0,600.0,450.0,350.0,120.0,0.0
모두투어리츠,,,,109.0,76.0,82.0,168.0,150.0
모바일리더,0.0,0.0,0.0,0.0,0.0,0.0,0.0,0.0
모바일어플라이언스,,,,0.0,0.0,0.0,0.0,0.0
모베이스,,,,,,,,
모베이스전자,30.0,50.0,50.0,50.0,30.0,20.0,0.0,0.0
모비릭스,,,,,,,0.0,0.0
모비스,,,,,,,,
모아텍,0.0,0.0,0.0,0.0,0.0,0.0,0.0,0.0
모토닉,250.0,250.0,280.0,250.0,350.0,300.0,300.0,400.0
모트렉스,,,,0.0,731.0,0.0,0.0,0.0
모헨즈,0.0,0.0,0.0,0.0,0.0,0.0,0.0,0.0
무림P&P,250.0,175.0,200.0,125.0,150.0,250.0,175.0,125.0
무림SP,50.0,35.0,35.0,30.0,35.0,35.0,,
무림페이퍼,25.0,0.0,0.0,0.0,25.0,50.0,,
무학,0.0,0.0,250.0,350.0,350.0,350.0,0.0,0.0
문배철강,50.0,50.0,50.0,50.0,50.0,50.0,50.0,50.0
미디어젠,,,,0.0,0.0,0.0,0.0,0.0
미래나노텍,0.0,0.0,0.0,0.0,0.0,0.0,0.0,0.0
미래산업,,,,,,,,
미래생명자원,0.0,0.0,0.0,0.0,0.0,0.0,0.0,0.0
미래아이앤지,0.0,0.0,0.0,0.0,0.0,0.0,0.0,0.0
미래에셋대우스팩 5호,,,,,,,0.0,0.0
미래에셋대우스팩3호,,,,,,,0.0,0.0
미래에셋맵스리츠,,,,,,,0.0,132.0
미래에셋벤처투자,,,,0.0,0.0,0.0,185.0,155.0
미래에셋생명,0.0,100.0,55.0,710.0,710.0,710.0,710.0,710.0
미래에셋증권,350.0,100.0,350.0,,,,,
미래컴퍼니,0.0,0.0,100.0,170.0,400.0,300.0,220.0,0.0
미스터블루,,,,,,,,
미원상사,0.0,0.0,0.0,0.0,0.0,5000.0,654.0,700.0
미원에스씨,,,,0.0,500.0,1200.0,1700.0,1700.0
미원홀딩스,0.0,2500.0,2500.0,5500.0,0.0,400.0,400.0,0.0
미원화학,0.0,400.0,1250.0,1000.0,1000.0,1000.0,1000.0,2500.0
미창석유,,,,,,,,
미코,0.0,0.0,0.0,0.0,0.0,40.0,40.0,0.0
미코바이오메드,,,,,,,,
미투온,,,,0.0,0.0,0.0,0.0,65.0
미투젠,,,,,,,1891.0,1152.0
민앤지,0.0,0.0,350.0,450.0,250.0,260.0,230.0,340.0
바다로19호,304.0,391.0,1934.0,350.0,350.0,350.0,350.0,350.0
바디텍메드,,,,,,,,
바른손,,,,0.0,0.0,0.0,0.0,0.0
바른손이앤에이,0.0,0.0,0.0,0.0,0.0,0.0,0.0,0.0
바른전자,0.0,0.0,0.0,0.0,0.0,0.0,0.0,0.0
바이넥스,0.0,0.0,0.0,0.0,0.0,0.0,0.0,0.0
바이브컴퍼니,,,,,,,0.0,0.0
바이오니아,0.0,0.0,0.0,0.0,0.0,0.0,0.0,0.0
바이오다인,,,,,,,0.0,0.0
바이오로그디바이스,0.0,0.0,0.0,0.0,0.0,0.0,0.0,0.0
바이오리더스,0.0,0.0,0.0,0.0,0.0,0.0,0.0,0.0
바이오솔루션,0.0,0.0,0.0,0.0,0.0,0.0,0.0,0.0
바이오스마트,0.0,0.0,0.0,0.0,0.0,0.0,63.0,0.0
바이오톡스텍,0.0,0.0,0.0,0.0,0.0,0.0,0.0,0.0
바이오플러스,,,,0.0,0.0,0.0,0.0,0.0
바이온,0.0,0.0,0.0,0.0,0.0,0.0,0.0,0.0
바이젠셀,,,,,,,,
바텍,100.0,100.0,100.0,100.0,100.0,100.0,100.0,100.0
박셀바이오,,,,,,,0.0,0.0
방림,,,,,,,,
배럴,,,,0.0,0.0,0.0,0.0,0.0
백광산업,0.0,0.0,0.0,0.0,25.0,50.0,75.0,50.0
백금T&A,0.0,0.0,0.0,0.0,0.0,50.0,50.0,0.0
백산,80.0,60.0,60.0,90.0,100.0,100.0,100.0,100.0
버킷스튜디오,0.0,0.0,0.0,0.0,0.0,0.0,0.0,0.0
범양건영,0.0,0.0,0.0,0.0,0.0,0.0,0.0,0.0
베노홀딩스,0.0,0.0,0.0,0.0,0.0,0.0,0.0,0.0
베뉴지,0.0,300.0,300.0,300.0,300.0,300.0,30.0,30.0
베셀,0.0,0.0,0.0,100.0,150.0,100.0,0.0,0.0
베스파,,,,0.0,0.0,0.0,0.0,0.0
베트남개발1,,,,,,,,
벽산,56.0,68.0,65.0,35.0,25.0,15.0,0.0,7.0
보광산업,,,,,,,,
보라티알,,,,0.0,0.0,150.0,150.0,150.0
보락,20.0,70.0,30.0,70.0,7.0,5.0,5.0,4.0
보령제약,150.0,200.0,200.0,200.0,800.0,60.0,100.0,100.0
보성파워텍,0.0,0.0,0.0,0.0,0.0,0.0,0.0,0.0
보해양조,0.0,0.0,0.0,0.0,0.0,0.0,0.0,0.0
본느,0.0,0.0,0.0,,,,,
부광약품,500.0,500.0,700.0,500.0,200.0,200.0,200.0,100.0
부국증권,350.0,1000.0,1200.0,1200.0,1200.0,1200.0,1200.0,1200.0
부국철강,75.0,75.0,75.0,75.0,75.0,75.0,75.0,75.0
부방,,,,,,,,
부산가스,,,,,,,,
부산산업,0.0,250.0,250.0,250.0,250.0,250.0,250.0,250.0
부산주공,0.0,15.0,0.0,0.0,0.0,0.0,0.0,0.0
부스타,100.0,90.0,100.0,100.0,90.0,55.0,90.0,120.0
뷰노,,,,,,,0.0,0.0
뷰웍스,100.0,100.0,100.0,200.0,200.0,300.0,400.0,450.0
브랜드엑스코퍼레이션,,,,,,,0.0,110.0
브레인즈컴퍼니,,,,,,,,
브리지텍,150.0,120.0,160.0,200.0,100.0,100.0,100.0,100.0
브릿지바이오테라퓨틱스,,,,,,,,
브이원텍,,,,0.0,0.0,200.0,100.0,100.0
브이티지엠피,0.0,0.0,0.0,0.0,0.0,0.0,0.0,0.0
블루베리 NFT,0.0,0.0,0.0,0.0,0.0,0.0,0.0,0.0
블루콤,,,,,,,,
비나텍,0.0,0.0,0.0,18.0,0.0,0.0,0.0,0.0
비덴트,0.0,0.0,0.0,0.0,0.0,0.0,0.0,0.0
비디아이,,,,0.0,130.0,0.0,0.0,0.0
비보존 헬스케어,0.0,0.0,0.0,0.0,0.0,0.0,0.0,0.0
비비씨,,,,,,,0.0,0.0
비비안,400.0,200.0,200.0,200.0,200.0,200.0,0.0,0.0
비상교육,130.0,130.0,200.0,330.0,350.0,200.0,250.0,150.0
비씨월드제약,500.0,100.0,0.0,100.0,100.0,100.0,100.0,100.0
비아트론,0.0,0.0,100.0,100.0,100.0,100.0,0.0,100.0
비에이치,,,,,,,,
비에이치아이,140.0,0.0,0.0,0.0,0.0,0.0,0.0,0.0
비엠티,100.0,100.0,100.0,100.0,100.0,150.0,150.0,150.0
비올,,,,,,,,
비즈니스온,,,,0.0,180.0,234.0,285.0,300.0
비츠로셀,,,,0.0,0.0,0.0,0.0,0.0
비츠로시스,,,,0.0,0.0,0.0,0.0,0.0
비츠로테크,,,,0.0,0.0,0.0,50.0,50.0
비케이탑스,0.0,0.0,0.0,0.0,0.0,0.0,0.0,0.0
비트컴퓨터,0.0,0.0,0.0,73.0,0.0,0.0,61.0,61.0
비피도,,,,0.0,0.0,0.0,0.0,0.0
빅솔론,200.0,200.0,400.0,300.0,150.0,180.0,190.0,150.0
빅텍,0.0,0.0,0.0,0.0,0.0,30.0,0.0,0.0
빙그레,1250.0,1250.0,1250.0,1250.0,1250.0,1350.0,1450.0,1600.0
빛샘전자,100.0,0.0,200.0,100.0,100.0,50.0,100.0,50.0
사람인에이치알,100.0,80.0,90.0,120.0,60.0,390.0,580.0,600.0
사조대림,0.0,200.0,0.0,100.0,150.0,150.0,150.0,200.0
사조동아원,30.0,0.0,0.0,0.0,0.0,0.0,0.0,0.0
사조산업,0.0,0.0,0.0,150.0,200.0,250.0,150.0,200.0
사조씨푸드,0.0,0.0,0.0,50.0,70.0,70.0,0.0,0.0
사조오양,0.0,0.0,0.0,100.0,120.0,50.0,100.0,150.0
삼강엠앤티,0.0,0.0,0.0,0.0,0.0,0.0,0.0,0.0
삼기,70.0,70.0,90.0,90.0,90.0,45.0,0.0,0.0
삼륭물산,50.0,50.0,50.0,50.0,75.0,75.0,75.0,75.0
삼목에스폼,50.0,100.0,100.0,100.0,100.0,100.0,100.0,0.0
삼보모터스,50.0,50.0,50.0,70.0,70.0,70.0,0.0,0.0
삼보산업,,,,,,,,
삼보판지,0.0,50.0,50.0,50.0,50.0,50.0,125.0,125.0
삼부토건,0.0,0.0,0.0,0.0,0.0,0.0,0.0,0.0
삼성SDI,1500.0,1000.0,1000.0,1000.0,1000.0,1000.0,1000.0,1000.0
삼성공조,50.0,80.0,100.0,90.0,100.0,80.0,60.0,80.0
삼성머스트스팩5호,,,,,,,,
삼성물산,,,,,,,,
삼성바이오로직스,,,,0.0,0.0,0.0,0.0,0.0
삼성생명,850.0,1800.0,1800.0,1200.0,2000.0,2650.0,2650.0,2500.0
삼성스팩4호,,,,,,,,
삼성에스디에스,250.0,500.0,500.0,750.0,2000.0,2000.0,2400.0,2400.0
삼성엔지니어링,0.0,0.0,0.0,0.0,0.0,0.0,0.0,0.0
삼성전기,750.0,750.0,500.0,500.0,750.0,1000.0,1100.0,1400.0
삼성전자,14300.0,20000.0,21000.0,28500.0,42500.0,1416.0,1416.0,2994.0
삼성제약,0.0,0.0,0.0,0.0,0.0,0.0,0.0,0.0
삼성중공업,500.0,250.0,0.0,0.0,0.0,0.0,0.0,0.0
삼성증권,100.0,650.0,1000.0,650.0,1000.0,1400.0,1700.0,2200.0
삼성출판사,100.0,100.0,130.0,110.0,150.0,100.0,100.0,200.0
삼성카드,700.0,1000.0,1500.0,1500.0,1500.0,1600.0,1600.0,1800.0
삼성화재,,,,,,,,
삼아알미늄,75.0,75.0,55.0,75.0,55.0,100.0,110.0,100.0
삼아제약,200.0,200.0,200.0,250.0,250.0,250.0,300.0,300.0
삼양사,1000.0,1500.0,1500.0,1500.0,1250.0,1500.0,1000.0,1250.0
삼양식품,100.0,100.0,50.0,150.0,250.0,400.0,800.0,800.0
삼양옵틱스,,,,1200.0,1300.0,1100.0,1000.0,600.0
삼양통상,750.0,750.0,825.0,750.0,750.0,750.0,1000.0,1250.0
삼양패키징,,,,0.0,0.0,0.0,750.0,1000.0
삼양홀딩스,1250.0,1500.0,1500.0,2000.0,2000.0,2000.0,2000.0,2250.0
삼영무역,125.0,200.0,275.0,275.0,275.0,300.0,350.0,500.0
삼영에스앤씨,,,,,,,,
삼영엠텍,80.0,0.0,80.0,90.0,50.0,60.0,100.0,150.0
삼영이엔씨,210.0,210.0,231.0,255.0,281.0,0.0,0.0,0.0
삼영전자,,,,,,,,
삼영화학,,,,,,,,
삼원강재,120.0,120.0,125.0,125.0,115.0,115.0,115.0,105.0
삼익THK,300.0,300.0,300.0,330.0,400.0,300.0,150.0,150.0
삼익악기,50.0,50.0,50.0,50.0,50.0,50.0,50.0,50.0
삼일,,,,,,,,
삼일기업공사,15.0,25.0,25.0,90.0,90.0,100.0,100.0,100.0
삼일씨엔에스,,,,600.0,70.0,0.0,38.0,0.0
삼일제약,150.0,200.0,200.0,150.0,150.0,100.0,150.0,150.0
삼정펄프,1000.0,1000.0,1250.0,1650.0,1000.0,0.0,0.0,1000.0
삼지전자,50.0,0.0,0.0,0.0,120.0,140.0,140.0,300.0
삼진,,,,,,,,
삼진엘앤디,50.0,0.0,50.0,0.0,0.0,75.0,75.0,75.0
삼진제약,400.0,500.0,600.0,700.0,800.0,800.0,800.0,800.0
삼천당제약,50.0,75.0,50.0,50.0,50.0,50.0,50.0,0.0
삼천리,3000.0,2000.0,2500.0,2500.0,3000.0,3000.0,3000.0,3000.0
삼천리자전거,150.0,200.0,200.0,200.0,100.0,0.0,0.0,200.0
삼표시멘트,0.0,0.0,0.0,0.0,50.0,0.0,50.0,75.0
삼현철강,150.0,150.0,150.0,150.0,150.0,150.0,150.0,150.0
삼호개발,90.0,100.0,100.0,130.0,160.0,160.0,190.0,190.0
삼화네트웍스,0.0,0.0,0.0,0.0,0.0,0.0,0.0,0.0
삼화왕관,1200.0,1250.0,1300.0,1350.0,1400.0,1350.0,1350.0,1250.0
삼화전기,50.0,50.0,30.0,50.0,70.0,100.0,100.0,100.0
삼화전자,,,,,,,,
삼화콘덴서,,,,,,,,
삼화페인트,,,,,,,,
상보,0.0,0.0,0.0,0.0,0.0,0.0,0.0,0.0
상상인,,,,0.0,0.0,0.0,200.0,0.0
상상인이안1호스팩,,,,0.0,0.0,0.0,0.0,0.0
상상인이안제2호스팩,,,,,,,0.0,0.0
상상인인더스트리,0.0,25.0,30.0,20.0,0.0,0.0,0.0,0.0
상상인증권,0.0,0.0,0.0,0.0,0.0,0.0,0.0,0.0
상신브레이크,140.0,160.0,170.0,160.0,170.0,100.0,100.0,50.0
상신이디피,50.0,50.0,50.0,50.0,50.0,70.0,50.0,70.0
상신전자,,,,3970.0,520.0,85.0,0.0,0.0
상아프론테크,115.0,107.0,140.0,140.0,140.0,160.0,160.0,160.0
상지카일룸,0.0,0.0,0.0,0.0,0.0,0.0,0.0,0.0
새로닉스,0.0,40.0,40.0,40.0,40.0,40.0,40.0,20.0
새론오토모티브,200.0,200.0,200.0,190.0,150.0,150.0,140.0,150.0
샘씨엔에스,,,,,,,,
샘코,,,,0.0,0.0,0.0,0.0,0.0
샘표,300.0,300.0,300.0,200.0,200.0,200.0,200.0,200.0
샘표식품,,,,200.0,200.0,200.0,200.0,200.0
서남,,,,,,,0.0,0.0
서린바이오,130.0,130.0,130.0,130.0,100.0,100.0,100.0,100.0
서부T&D,0.0,0.0,0.0,100.0,0.0,0.0,0.0,0.0
서산,500.0,500.0,1000.0,1250.0,25.0,13.0,0.0,0.0
서암기계공업,75.0,75.0,50.0,50.0,50.0,50.0,50.0,35.0
서연,150.0,150.0,150.0,150.0,100.0,50.0,50.0,50.0
서연이화,0.0,150.0,150.0,150.0,150.0,100.0,100.0,100.0
서연탑메탈,75.0,80.0,40.0,40.0,0.0,40.0,60.0,85.0
서울가스,,,,,,,,
서울리거,0.0,0.0,0.0,0.0,0.0,0.0,0.0,0.0
서울바이오시스,0.0,0.0,107.0,0.0,114.0,39.0,38.0,143.0
서울반도체,146.0,0.0,75.0,81.0,183.0,284.0,156.0,157.0
서울식품,,,,,,,,
서울옥션,60.0,80.0,100.0,100.0,80.0,100.0,0.0,0.0
서울전자통신,,,,,,,,
서울제약,50.0,35.0,25.0,15.0,15.0,0.0,15.0,0.0
서원,,,,,,,,
서원인텍,400.0,500.0,600.0,660.0,300.0,300.0,300.0,350.0
서전기전,0.0,455.0,75.0,110.0,0.0,50.0,30.0,30.0
서진시스템,,,,370.0,100.0,200.0,300.0,0.0
서진오토모티브,,,,,,,,
서플러스글로벌,,,,70.0,75.0,40.0,0.0,30.0
서한,,,,,,,,
서호전기,100.0,300.0,500.0,700.0,900.0,500.0,1200.0,1000.0
서흥,,,,,,,,
서희건설,0.0,0.0,0.0,10.0,15.0,15.0,30.0,40.0
석경에이티,,,,,,,0.0,0.0
선광,,,,,,,,
선데이토즈,,,,,,,,
선도전기,10.0,10.0,20.0,20.0,20.0,20.0,25.0,5.0
선익시스템,,,,0.0,0.0,100.0,100.0,100.0
선진,,,,,,,,
선진뷰티사이언스,,,,,,,600.0,20.0
성광벤드,150.0,150.0,150.0,150.0,100.0,100.0,100.0,100.0
성도이엔지,70.0,50.0,50.0,100.0,150.0,100.0,50.0,200.0
성문전자,5.0,0.0,0.0,0.0,0.0,0.0,0.0,0.0
성보화학,1500.0,2000.0,2200.0,440.0,572.0,210.0,135.0,135.0
성신양회,0.0,0.0,0.0,0.0,0.0,150.0,150.0,150.0
성안,,,,,,,,
성우전자,,,,,,,,
성우테크론,20.0,25.0,0.0,0.0,0.0,50.0,40.0,40.0
성우하이텍,200.0,200.0,200.0,200.0,150.0,80.0,80.0,50.0
성창기업지주,0.0,0.0,300.0,10.0,0.0,0.0,0.0,0.0
성창오토텍,80.0,50.0,50.0,0.0,50.0,50.0,30.0,50.0
성호전자,,,,,,,,
세경하이테크,,,,,,,250.0,100.0
세기상사,0.0,0.0,0.0,0.0,0.0,0.0,0.0,0.0
세동,0.0,0.0,0.0,0.0,0.0,0.0,0.0,0.0
세명전기,80.0,80.0,80.0,80.0,80.0,80.0,80.0,70.0
세방,150.0,150.0,175.0,175.0,175.0,175.0,175.0,190.0
세방전지,300.0,300.0,350.0,350.0,400.0,500.0,500.0,500.0
세보엠이씨,100.0,125.0,175.0,200.0,250.0,300.0,150.0,200.0
세아베스틸,900.0,1000.0,1000.0,800.0,900.0,850.0,300.0,200.0
세아제강,,,,0.0,0.0,1800.0,2000.0,2500.0
세아제강지주,1500.0,1500.0,1750.0,1750.0,1800.0,1800.0,1500.0,1500.0
세아특수강,750.0,800.0,700.0,750.0,750.0,900.0,900.0,700.0
세아홀딩스,1750.0,1800.0,1750.0,1750.0,2000.0,2500.0,2250.0,2250.0
세영디앤씨,0.0,0.0,0.0,0.0,0.0,0.0,0.0,0.0
세우글로벌,0.0,0.0,0.0,0.0,0.0,0.0,0.0,0.0
세운메디칼,20.0,25.0,25.0,35.0,40.0,50.0,50.0,50.0
세원,,,,,,,,
세원물산,75.0,75.0,75.0,75.0,75.0,50.0,25.0,25.0
세원이앤씨,0.0,0.0,0.0,0.0,0.0,0.0,0.0,0.0
세원정공,,,,,,,,
세이브존I&C,30.0,30.0,30.0,30.0,50.0,50.0,30.0,30.0
세종공업,200.0,150.0,250.0,200.0,100.0,50.0,50.0,50.0
세종메디칼,,,,0.0,0.0,0.0,100.0,100.0
세종텔레콤,0.0,0.0,0.0,0.0,0.0,0.0,0.0,0.0
세중,,,,,,,,
세진중공업,0.0,0.0,100.0,100.0,30.0,20.0,20.0,150.0
세진티에스,0.0,0.0,0.0,0.0,0.0,0.0,0.0,0.0
세코닉스,300.0,100.0,200.0,200.0,0.0,0.0,50.0,0.0
세틀뱅크,,,,,,,380.0,350.0
세하,0.0,0.0,0.0,0.0,0.0,0.0,0.0,0.0
세화피앤씨,40.0,25.0,30.0,,,,,
센코,,,,,,,0.0,0.0
센트랄모텍,,,,,,,0.0,0.0
센트럴인사이트,0.0,0.0,0.0,0.0,0.0,0.0,0.0,0.0
셀레믹스,,,,,,,0.0,0.0
셀루메드,0.0,0.0,0.0,0.0,0.0,0.0,0.0,0.0
셀리드,,,,0.0,0.0,0.0,0.0,0.0
셀리버리,,,,0.0,0.0,0.0,0.0,0.0
셀바스AI,0.0,0.0,0.0,0.0,0.0,0.0,0.0,0.0
셀바스헬스케어,0.0,0.0,0.0,0.0,0.0,0.0,0.0,0.0
셀트리온,,,,,,,,
셀트리온제약,0.0,0.0,0.0,0.0,0.0,0.0,0.0,0.0
셀트리온헬스케어,,,,0.0,0.0,0.0,0.0,0.0
소룩스,,,,,,,50.0,50.0
소리바다,,,,,,,,
소마젠,,,,,,,0.0,0.0
소프트센,0.0,0.0,0.0,0.0,0.0,0.0,0.0,0.0
소프트캠프,0.0,0.0,0.0,0.0,0.0,0.0,,
손오공,0.0,0.0,0.0,0.0,0.0,0.0,0.0,0.0
솔고바이오,0.0,0.0,0.0,0.0,0.0,0.0,0.0,0.0
솔루스첨단소재,,,,,,,0.0,10.0
솔루에타,0.0,0.0,0.0,0.0,0.0,0.0,0.0,0.0
솔루엠,,,,,,,0.0,0.0
솔본,0.0,0.0,0.0,0.0,0.0,0.0,0.0,0.0
솔브레인,,,,,,,0.0,1950.0
솔브레인홀딩스,450.0,450.0,500.0,610.0,700.0,750.0,850.0,0.0
솔트룩스,,,,,,,0.0,0.0
송원산업,,,,,,,,
쇼박스,,,,,,,,
수산아이앤티,,,,125.0,125.0,75.0,75.0,125.0
수산중공업,0.0,15.0,0.0,10.0,0.0,0.0,10.0,10.0
수성이노베이션,70.0,70.0,70.0,70.0,0.0,0.0,0.0,0.0
수젠텍,0.0,0.0,0.0,0.0,0.0,0.0,0.0,0.0
슈펙스비앤피,0.0,0.0,0.0,0.0,0.0,0.0,0.0,0.0
슈프리마,0.0,0.0,0.0,0.0,0.0,0.0,0.0,0.0
슈프리마아이디,,,,,,,0.0,0.0
슈프리마에이치큐,0.0,0.0,0.0,0.0,0.0,0.0,0.0,0.0
슈피겐코리아,440.0,660.0,600.0,500.0,500.0,1150.0,1300.0,1200.0
스맥,,,,,,,,
스카이라이프,,,,,,,,
스카이문스테크놀로지,0.0,0.0,0.0,0.0,0.0,0.0,0.0,0.0
스카이이앤엠,0.0,0.0,0.0,0.0,0.0,0.0,0.0,0.0
스킨앤스킨,0.0,0.0,0.0,0.0,0.0,0.0,0.0,0.0
스타플렉스,200.0,0.0,0.0,80.0,80.0,100.0,80.0,0.0
스튜디오드래곤,,,,0.0,0.0,0.0,0.0,0.0
스튜디오산타클로스,0.0,0.0,0.0,0.0,0.0,0.0,0.0,0.0
스페코,0.0,0.0,0.0,0.0,0.0,0.0,0.0,50.0
스포츠서울,,,,0.0,0.0,0.0,0.0,0.0
승일,85.0,85.0,0.0,85.0,85.0,170.0,0.0,85.0
시공테크,0.0,40.0,0.0,0.0,120.0,20.0,80.0,70.0
시그네틱스,0.0,0.0,0.0,0.0,0.0,0.0,0.0,0.0
시너지이노베이션,0.0,0.0,0.0,0.0,0.0,0.0,0.0,0.0
시노펙스,0.0,0.0,0.0,0.0,0.0,0.0,0.0,0.0
시디즈,0.0,0.0,0.0,0.0,0.0,300.0,300.0,300.0
시스웍,,,,4000.0,20.0,30.0,40.0,0.0
시큐브,0.0,0.0,60.0,50.0,10.0,10.0,10.0,15.0
시티랩스,0.0,0.0,0.0,0.0,0.0,0.0,0.0,0.0
신대양제지,375.0,375.0,0.0,0.0,375.0,750.0,625.0,625.0
신도기연,,,,,,,0.0,0.0
신도리코,2250.0,1500.0,1200.0,1500.0,1650.0,1600.0,1000.0,0.0
신라교역,250.0,300.0,200.0,250.0,500.0,500.0,500.0,500.0
신라섬유,0.0,0.0,0.0,0.0,0.0,0.0,0.0,0.0
신라에스지,0.0,0.0,0.0,0.0,0.0,0.0,0.0,0.0
신라젠,0.0,0.0,0.0,0.0,0.0,0.0,0.0,0.0
신성델타테크,50.0,50.0,60.0,50.0,70.0,50.0,80.0,100.0
신성이엔지,0.0,0.0,0.0,,,,,
신성통상,,,,0.0,0.0,0.0,0.0,0.0
신세계,0.0,0.0,0.0,1250.0,1250.0,2000.0,2000.0,1500.0
신세계 I&C,,,,,,,,
신세계건설,0.0,0.0,250.0,500.0,750.0,750.0,800.0,800.0
신세계인터내셔날,600.0,600.0,600.0,600.0,600.0,850.0,1100.0,1100.0
신세계푸드,750.0,750.0,500.0,600.0,750.0,750.0,750.0,750.0
신송홀딩스,0.0,80.0,80.0,80.0,0.0,0.0,80.0,100.0
신신제약,,,,34.0,33.0,33.0,28.0,0.0
신영스팩5호,,,,,,,0.0,0.0
신영스팩6호,,,,,,,0.0,0.0
신영와코루,1500.0,1500.0,1500.0,2500.0,1500.0,1500.0,1500.0,1500.0
신영증권,,,,2200.0,2450.0,2750.0,2750.0,2500.0
신원,,,,,,,,
신원종합개발,0.0,0.0,0.0,0.0,0.0,0.0,0.0,0.0
신일전자,0.0,0.0,0.0,15.0,20.0,25.0,20.0,20.0
신일제약,90.0,120.0,120.0,140.0,140.0,140.0,150.0,100.0
신진에스엠,100.0,110.0,100.0,0.0,120.0,75.0,70.0,70.0
신테카바이오,,,,0.0,0.0,0.0,0.0,0.0
신풍제약,40.0,50.0,0.0,0.0,0.0,0.0,0.0,100.0
신풍제지,500.0,500.0,0.0,0.0,0.0,80.0,60.0,50.0
신한알파리츠,,,,0.0,0.0,371.0,140.0,150.0
신한제6호스팩,,,,,,,0.0,0.0
신한제7호스팩,,,,,,,0.0,0.0
신한제8호스팩,,,,,,,,
신한지주,650.0,950.0,1200.0,1450.0,1450.0,1600.0,1850.0,1500.0
신화인터텍,0.0,0.0,0.0,50.0,0.0,0.0,50.0,50.0
신화콘텍,0.0,50.0,0.0,0.0,20.0,0.0,0.0,0.0
신흥,,,,,,,,
신흥에스이씨,,,,0.0,100.0,150.0,280.0,300.0
실리콘투,,,,,,,,
심텍,0.0,0.0,260.0,200.0,265.0,160.0,160.0,320.0
심텍홀딩스,0.0,0.0,0.0,0.0,20.0,10.0,10.0,30.0
싸이맥스,0.0,0.0,200.0,250.0,250.0,250.0,250.0,350.0
싸이버원,,,,,,,0.0,0.0
싸이토젠,,,,0.0,0.0,0.0,0.0,0.0
쌍방울,0.0,0.0,0.0,0.0,0.0,0.0,0.0,0.0
쌍용C&E,,,,,,,,
쌍용정보통신,0.0,0.0,0.0,0.0,0.0,0.0,0.0,0.0
쌍용차,,,,,,,,
써니전자,0.0,0.0,0.0,0.0,0.0,0.0,0.0,0.0
썸에이지,,,,,,,,
쎄노텍,,,,,,,,
쎄니트,0.0,20.0,30.0,30.0,30.0,30.0,30.0,30.0
쎄미시스코,20.0,20.0,20.0,30.0,50.0,20.0,0.0,0.0
쎄트렉아이,180.0,150.0,220.0,240.0,310.0,210.0,210.0,340.0
쎌마테라퓨틱스,0.0,0.0,0.0,0.0,0.0,0.0,0.0,0.0
쎌바이오텍,150.0,150.0,400.0,550.0,550.0,600.0,600.0,450.0
쏠리드,,,,,,,,
씨씨에스,0.0,0.0,0.0,0.0,0.0,0.0,0.0,0.0
씨아이에스,0.0,0.0,0.0,,,,,
씨아이테크,0.0,0.0,0.0,0.0,0.0,0.0,0.0,0.0
씨앤씨인터내셔널,,,,,,,,
씨앤지하이테크,,,,1000.0,160.0,200.0,150.0,350.0
씨앤투스성진,,,,,,,0.0,0.0
씨에스베어링,,,,,,,0.0,0.0
씨에스윈드,350.0,478.0,300.0,200.0,350.0,400.0,460.0,1000.0
씨엔플러스,0.0,0.0,0.0,0.0,0.0,0.0,0.0,0.0
씨엠에스에듀,,,,300.0,300.0,260.0,425.0,260.0
씨유메디칼,0.0,0.0,0.0,0.0,0.0,0.0,0.0,0.0
씨유테크,,,,,,,,
씨이랩,0.0,0.0,0.0,0.0,0.0,0.0,0.0,0.0
씨젠,0.0,0.0,0.0,0.0,0.0,0.0,100.0,1500.0
씨케이에이치,,,,0.0,0.0,0.0,0.0,0.0
씨큐브,0.0,100.0,100.0,120.0,130.0,150.0,150.0,170.0
씨티씨바이오,0.0,0.0,0.0,0.0,0.0,0.0,0.0,0.0
씨티케이,,,,,,,,
아가방컴퍼니,40.0,0.0,0.0,0.0,0.0,0.0,0.0,0.0
아나패스,200.0,350.0,200.0,200.0,200.0,250.0,100.0,0.0
아난티,0.0,0.0,0.0,0.0,0.0,0.0,0.0,0.0
아남전자,0.0,0.0,0.0,0.0,0.0,0.0,0.0,0.0
아래스,,,,,,,,
아리온,,,,,,,,
아모그린텍,,,,0.0,0.0,0.0,0.0,0.0
아모레G,,,,,,,,
아모레퍼시픽,6500.0,9000.0,1350.0,1580.0,1280.0,1180.0,1000.0,800.0
아모센스,,,,,,,,
아모텍,0.0,0.0,0.0,0.0,0.0,0.0,0.0,0.0
아미노로직스,0.0,0.0,0.0,0.0,0.0,0.0,0.0,0.0
아미코젠,0.0,120.0,100.0,0.0,0.0,0.0,0.0,0.0
아바코,0.0,50.0,50.0,200.0,0.0,200.0,300.0,300.0
아바텍,100.0,200.0,100.0,200.0,200.0,100.0,100.0,100.0
아비코전자,70.0,150.0,200.0,220.0,200.0,150.0,70.0,70.0
아세아,1000.0,1500.0,1500.0,1500.0,1500.0,1750.0,1750.0,2000.0
아세아시멘트,1250.0,1500.0,1500.0,1500.0,1500.0,1500.0,1500.0,1250.0
아세아제지,400.0,450.0,0.0,500.0,450.0,750.0,600.0,700.0
아세아텍,,,,75.0,75.0,75.0,50.0,50.0
아센디오,0.0,0.0,0.0,0.0,0.0,0.0,0.0,0.0
아스타,,,,0.0,0.0,0.0,0.0,0.0
아스트,0.0,0.0,0.0,0.0,0.0,0.0,0.0,0.0
아스플로,,,,,,,,
아시아경제,0.0,0.0,0.0,0.0,0.0,80.0,0.0,0.0
아시아나IDT,,,,0.0,500.0,500.0,500.0,0.0
아시아나항공,0.0,0.0,0.0,0.0,0.0,0.0,0.0,0.0
아시아종묘,,,,,,,,
아우딘퓨쳐스,,,,0.0,0.0,0.0,0.0,0.0
아이디스,,,,,,,,
아이디스홀딩스,50.0,100.0,150.0,150.0,150.0,200.0,200.0,200.0
아이디피,,,,,,,0.0,80.0
아이마켓코리아,250.0,500.0,500.0,450.0,350.0,450.0,600.0,600.0
아이비김영,,,,,,,,
아이센스,0.0,0.0,0.0,100.0,100.0,150.0,200.0,250.0
아이스크림에듀,,,,,,,100.0,50.0
아이쓰리시스템,0.0,0.0,400.0,450.0,270.0,270.0,70.0,100.0
아이씨디,100.0,0.0,0.0,100.0,150.0,150.0,150.0,350.0
아이씨케이,0.0,0.0,0.0,0.0,0.0,0.0,0.0,0.0
아이앤씨,,,,,,,,
아이에스동서,0.0,400.0,500.0,1000.0,1100.0,1200.0,700.0,1000.0
아이에스이커머스,0.0,0.0,0.0,0.0,0.0,0.0,0.0,0.0
아이에이,0.0,0.0,0.0,0.0,0.0,0.0,0.0,0.0
아이엘사이언스,,,,0.0,0.0,0.0,,
아이엠,,,,,,,,
아이오케이,0.0,0.0,0.0,0.0,0.0,0.0,0.0,0.0
아이원스,50.0,50.0,0.0,0.0,0.0,0.0,0.0,0.0
아이즈비전,50.0,50.0,55.0,65.0,75.0,100.0,0.0,0.0
아이진,0.0,0.0,0.0,0.0,0.0,0.0,0.0,0.0
아이컴포넌트,0.0,0.0,100.0,100.0,0.0,0.0,0.0,0.0
아이퀘스트,,,,,,,100.0,100.0
아이큐어,0.0,0.0,0.0,0.0,0.0,0.0,0.0,0.0
아이크래프트,50.0,70.0,100.0,100.0,100.0,0.0,0.0,0.0
아이텍,,,,,,,,
아이톡시,0.0,0.0,0.0,0.0,0.0,0.0,0.0,0.0
아이티센,16.0,47.0,0.0,0.0,0.0,0.0,0.0,0.0
아이티엠반도체,,,,,,,0.0,200.0
아주IB투자,100.0,0.0,1250.0,250.0,250.0,25.0,35.0,50.0
아주스틸,,,,,,,,
아즈텍WB,0.0,50.0,50.0,50.0,0.0,50.0,0.0,50.0
아진산업,,,,,,,,
아진엑스텍,0.0,0.0,0.0,200.0,250.0,200.0,100.0,100.0
아톤,,,,,,,0.0,0.0
아프리카TV,115.0,150.0,200.0,290.0,380.0,470.0,550.0,650.0
안국약품,200.0,200.0,220.0,220.0,220.0,220.0,220.0,220.0
안랩,200.0,300.0,500.0,700.0,800.0,900.0,900.0,900.0
안트로젠,0.0,0.0,0.0,0.0,0.0,0.0,0.0,0.0
알로이스,,,,0.0,0.0,0.0,,
알루코,,,,,,,,
알리코제약,,,,100.0,100.0,0.0,200.0,100.0
알서포트,,,,,,,,
알에스오토메이션,,,,0.0,100.0,0.0,0.0,0.0
알에프세미,55.0,25.0,41.0,35.0,23.0,28.0,13.0,0.0
알에프텍,100.0,50.0,50.0,0.0,50.0,0.0,0.0,0.0
알엔투테크놀로지,0.0,0.0,0.0,50.0,30.0,40.0,50.0,50.0
알체라,,,,,,,0.0,0.0
알테오젠,0.0,0.0,0.0,0.0,0.0,0.0,0.0,0.0
알톤스포츠,,,,,,,,
알티캐스트,0.0,150.0,0.0,0.0,0.0,0.0,0.0,0.0
알파홀딩스,70.0,70.0,40.0,40.0,0.0,0.0,0.0,0.0
압타머사이언스,,,,,,,0.0,0.0
압타바이오,,,,0.0,0.0,0.0,0.0,0.0
애경산업,,,,1000.0,350.0,450.0,450.0,200.0
애경유화,1500.0,1900.0,1900.0,300.0,350.0,350.0,350.0,350.0
애니젠,,,,0.0,0.0,0.0,0.0,0.0
애니플러스,,,,,,,,
애머릿지,0.0,0.0,0.0,0.0,0.0,0.0,0.0,0.0
액션스퀘어,,,,,,,,
액토즈소프트,0.0,0.0,0.0,0.0,0.0,0.0,0.0,0.0
액트로,,,,0.0,0.0,400.0,200.0,200.0
앤디포스,,,,400.0,250.0,65.0,0.0,0.0
앤씨앤,0.0,0.0,50.0,0.0,0.0,0.0,0.0,0.0
앱코,,,,,,,0.0,0.0
앱클론,0.0,0.0,0.0,0.0,0.0,0.0,0.0,0.0
야스,,,,0.0,0.0,500.0,150.0,100.0
얍엑스,0.0,0.0,0.0,0.0,0.0,0.0,0.0,0.0
양지사,,,,50.0,50.0,50.0,50.0,50.0
어보브반도체,50.0,40.0,40.0,50.0,75.0,90.0,200.0,240.0
얼라인드,,,,0.0,0.0,0.0,0.0,0.0
에너토크,70.0,100.0,70.0,70.0,50.0,60.0,50.0,50.0
에넥스,0.0,20.0,30.0,20.0,30.0,10.0,0.0,0.0
에브리봇,,,,0.0,0.0,0.0,0.0,0.0
에스넷,100.0,50.0,25.0,0.0,50.0,100.0,120.0,80.0
에스디바이오센서,,,,,,,0.0,535.0
에스디생명공학,,,,0.0,150.0,0.0,0.0,0.0
에스디시스템,0.0,100.0,100.0,0.0,0.0,0.0,0.0,0.0
에스맥,50.0,0.0,0.0,0.0,0.0,0.0,0.0,0.0
에스씨디,,,,,,,,
에스씨엠생명과학,,,,,,,0.0,0.0
에스아이리소스,0.0,0.0,0.0,0.0,0.0,0.0,0.0,0.0
에스앤더블류,0.0,0.0,0.0,0.0,0.0,0.0,0.0,0.0
에스앤디,150.0,150.0,250.0,450.0,500.0,500.0,1000.0,1000.0
에스앤에스텍,0.0,0.0,0.0,0.0,50.0,50.0,50.0,80.0
에스에너지,100.0,100.0,100.0,110.0,50.0,50.0,50.0,50.0
에스에스알,,,,,,,,
에스에이엠티,0.0,0.0,0.0,100.0,110.0,130.0,140.0,150.0
에스에이티,,,,,,,,
에스에프에이,1015.0,652.0,402.0,1120.0,1245.0,1278.0,1056.0,950.0
에스엔유,0.0,0.0,0.0,0.0,0.0,0.0,0.0,0.0
에스엘,,,,,,,,
에스엘바이오닉스,0.0,0.0,0.0,0.0,0.0,0.0,0.0,0.0
에스엠,,,,,,,,
에스엠코어,60.0,70.0,100.0,50.0,50.0,50.0,70.0,70.0
에스와이,,,,,,,,
에스원,1100.0,1150.0,1200.0,1250.0,2500.0,2500.0,2500.0,2500.0
에스제이그룹,,,,,,,400.0,140.0
에스코넥,0.0,0.0,0.0,0.0,0.0,0.0,0.0,0.0
에스텍,,,,,,,,
에스텍파마,50.0,50.0,50.0,50.0,50.0,50.0,100.0,100.0
에스트래픽,,,,25.0,20.0,0.0,0.0,0.0
에스티아이,0.0,70.0,100.0,150.0,250.0,250.0,250.0,150.0
에스티오,30.0,20.0,50.0,20.0,20.0,140.0,120.0,110.0
에스티큐브,0.0,0.0,0.0,0.0,0.0,0.0,0.0,0.0
에스티팜,,,,500.0,500.0,500.0,0.0,0.0
에스폴리텍,0.0,0.0,0.0,25.0,25.0,25.0,50.0,50.0
에스퓨얼셀,,,,0.0,0.0,50.0,50.0,100.0
에스피시스템스,,,,,,,20.0,0.0
에스피지,200.0,200.0,50.0,100.0,50.0,100.0,100.0,150.0
에쎈테크,0.0,0.0,0.0,0.0,0.0,0.0,0.0,0.0
에쓰씨엔지니어링,50.0,0.0,0.0,0.0,0.0,0.0,0.0,0.0
에어부산,,,,100.0,100.0,100.0,0.0,0.0
에이디엠코리아,,,,,,,,
에이디칩스,0.0,0.0,0.0,0.0,0.0,0.0,0.0,0.0
에이디테크놀로지,0.0,0.0,250.0,0.0,0.0,100.0,0.0,70.0
에이루트,50.0,50.0,0.0,0.0,0.0,0.0,0.0,0.0
에이리츠,0.0,16.0,952.0,619.0,100.0,318.0,428.0,750.0
에이블씨엔씨,,,,400.0,0.0,0.0,0.0,0.0
에이비엘바이오,,,,0.0,0.0,0.0,0.0,0.0
에이비온,0.0,0.0,0.0,0.0,0.0,0.0,0.0,0.0
에이비프로바이오,345.0,345.0,140.0,0.0,0.0,0.0,0.0,0.0
에이스침대,2000.0,2500.0,3300.0,3300.0,3300.0,1000.0,1100.0,1100.0
에이스테크,,,,,,,,
에이스토리,,,,,,,0.0,0.0
에이에프더블류,,,,,,,100.0,0.0
에이엔피,0.0,0.0,0.0,0.0,0.0,0.0,0.0,0.0
에이치시티,,,,0.0,0.0,100.0,30.0,50.0
에이치앤비디자인,,,,0.0,0.0,0.0,0.0,0.0
에이치엔티,,,,,,,,
에이치엘비,0.0,0.0,0.0,0.0,0.0,0.0,0.0,0.0
에이치엘비생명과학,0.0,0.0,0.0,0.0,0.0,0.0,0.0,0.0
에이치엘비제약,0.0,0.0,0.0,0.0,0.0,0.0,0.0,0.0
에이치엘비파워,0.0,0.0,0.0,0.0,0.0,0.0,0.0,0.0
에이치엘사이언스,,,,0.0,200.0,300.0,400.0,400.0
에이치엠씨제4호스팩,,,,,,,0.0,0.0
에이치엠씨제5호스팩,,,,,,,0.0,0.0
에이치케이,,,,,,,,
에이치피오,,,,,,,,
에이테크솔루션,0.0,0.0,0.0,0.0,0.0,0.0,0.0,0.0
에이텍,,,,,,,,
에이텍티앤,0.0,0.0,0.0,0.0,100.0,100.0,0.0,100.0
에이트원,,,,0.0,0.0,0.0,0.0,0.0
에이티넘인베스트,25.0,25.0,70.0,35.0,60.0,50.0,50.0,100.0
에이티세미콘,0.0,0.0,0.0,0.0,0.0,0.0,0.0,0.0
에이팩트,0.0,0.0,0.0,0.0,0.0,0.0,0.0,0.0
에이프로,,,,,,,,
에이프로젠 H&G,0.0,0.0,0.0,0.0,0.0,0.0,0.0,0.0
에이프로젠 MED,0.0,0.0,0.0,0.0,0.0,0.0,0.0,0.0
에이프로젠제약,0.0,0.0,0.0,0.0,0.0,0.0,0.0,0.0
에이플러스에셋,0.0,0.0,0.0,0.0,0.0,0.0,15.0,350.0
에이피티씨,,,,0.0,0.0,200.0,0.0,500.0
에치에프알,,,,,,,,
에코마이스터,,,,0.0,0.0,0.0,0.0,0.0
에코마케팅,,,,210.0,250.0,390.0,334.0,670.0
에코바이오,0.0,0.0,0.0,0.0,0.0,0.0,0.0,0.0
에코캡,,,,0.0,0.0,0.0,0.0,0.0
에코프로,0.0,0.0,0.0,0.0,0.0,0.0,300.0,300.0
에코프로비엠,,,,0.0,0.0,0.0,150.0,450.0
에코프로에이치엔,,,,,,,,
에코플라스틱,50.0,50.0,50.0,20.0,0.0,0.0,30.0,30.0
에프알텍,0.0,0.0,0.0,0.0,0.0,0.0,0.0,0.0
에프앤가이드,40.0,40.0,40.0,50.0,50.0,0.0,70.0,100.0
에프앤리퍼블릭,0.0,0.0,0.0,0.0,0.0,0.0,0.0,0.0
에프에스티,0.0,80.0,80.0,80.0,80.0,80.0,80.0,100.0
에프엔씨엔터,0.0,400.0,400.0,0.0,0.0,0.0,0.0,0.0
에프엔에스테크,0.0,0.0,0.0,0.0,0.0,0.0,0.0,200.0
엑사이엔씨,0.0,0.0,0.0,0.0,0.0,0.0,0.0,0.0
엑세스바이오,0.0,0.0,0.0,0.0,0.0,0.0,0.0,0.0
엑셈,,,,,,,,
엑스큐어,20.0,0.0,20.0,0.0,0.0,0.0,0.0,0.0
엑시콘,0.0,0.0,75.0,100.0,135.0,100.0,65.0,50.0
엔바이오니아,,,,,,,0.0,0.0
엔브이에이치코리아,100.0,100.0,120.0,140.0,140.0,100.0,50.0,75.0
엔비티,,,,,,,0.0,0.0
엔시스,,,,,,,0.0,0.0
엔시트론,0.0,0.0,0.0,0.0,0.0,0.0,0.0,0.0
엔씨소프트,600.0,3430.0,2747.0,3820.0,7280.0,6050.0,5220.0,8550.0
엔에스,,,,,,,,
엔에스쇼핑,13979.0,1000.0,0.0,200.0,200.0,150.0,150.0,150.0
엔에스엔,,,,,,,,
엔에이치스팩17호,,,,,,,0.0,0.0
엔에이치스팩18호,,,,,,,0.0,0.0
엔에이치스팩19호,,,,,,,,
엔에이치스팩20호,,,,,,,,
엔에프씨,,,,,,,0.0,100.0
엔젠바이오,,,,,,,0.0,0.0
엔지스테크널러지,,,,0.0,0.0,0.0,0.0,0.0
엔지켐생명과학,0.0,0.0,0.0,0.0,0.0,0.0,0.0,0.0
엔케이,,,,,,,,
엔케이맥스,,,,0.0,0.0,0.0,,
엔케이물산,0.0,0.0,0.0,0.0,0.0,0.0,0.0,0.0
엔텔스,150.0,100.0,0.0,0.0,0.0,0.0,0.0,0.0
엔투텍,0.0,0.0,0.0,0.0,0.0,0.0,0.0,0.0
엔피,,,,,,,,
엔피디,,,,,,,,
엔피케이,50.0,30.0,30.0,30.0,30.0,30.0,30.0,30.0
엘디티,0.0,0.0,0.0,0.0,0.0,0.0,0.0,0.0
엘브이엠씨홀딩스,,,,,,,,
엘비루셈,,,,,,,,
엘비세미콘,0.0,0.0,0.0,0.0,0.0,0.0,50.0,50.0
엘아이에스,0.0,0.0,0.0,0.0,0.0,0.0,0.0,0.0
엘앤씨바이오,,,,0.0,0.0,0.0,100.0,50.0
엘앤에프,20.0,20.0,20.0,50.0,100.0,100.0,50.0,50.0
엘앤케이바이오,0.0,0.0,0.0,0.0,0.0,0.0,0.0,0.0
엘엠에스,50.0,50.0,105.0,150.0,150.0,150.0,250.0,200.0
엘오티베큠,0.0,0.0,0.0,0.0,50.0,30.0,0.0,50.0
엘컴텍,0.0,0.0,0.0,50.0,40.0,30.0,35.0,0.0
엘티씨,,,,,,,,
엠게임,0.0,0.0,0.0,0.0,0.0,0.0,0.0,0.0
엠로,0.0,0.0,0.0,0.0,0.0,0.0,0.0,0.0
엠벤처투자,,,,,,,,
엠브레인,,,,,,,,
엠씨넥스,100.0,300.0,330.0,0.0,260.0,300.0,500.0,500.0
엠아이텍,,,,0.0,0.0,50.0,50.0,60.0
엠에스씨,,,,,,,,
엠에스오토텍,75.0,75.0,75.0,75.0,75.0,50.0,75.0,50.0
엠에프엠코리아,0.0,0.0,0.0,0.0,0.0,0.0,,
엠젠플러스,0.0,0.0,0.0,0.0,0.0,0.0,0.0,0.0
엠케이전자,160.0,150.0,120.0,80.0,140.0,100.0,40.0,140.0
엠투아이,,,,,,,280.0,500.0
엠투엔,0.0,0.0,50.0,0.0,0.0,0.0,0.0,0.0
엠플러스,,,,,,,,
엠피대산,10.0,5.0,0.0,0.0,0.0,0.0,0.0,0.0
연우,,,,,,,,
연이비앤티,0.0,0.0,70.0,143.0,0.0,0.0,50.0,0.0
영림원소프트랩,,,,,,,30.0,80.0
영보화학,100.0,100.0,100.0,100.0,100.0,100.0,100.0,75.0
영신금속,,,,,,,,
영우디에스피,0.0,0.0,0.0,0.0,0.0,0.0,0.0,0.0
영원무역,200.0,200.0,200.0,250.0,300.0,350.0,400.0,500.0
영원무역홀딩스,500.0,500.0,500.0,500.0,600.0,800.0,1000.0,1200.0
영진약품,0.0,0.0,0.0,0.0,0.0,0.0,0.0,0.0
영풍,,,,,,,,
영풍정밀,80.0,100.0,180.0,180.0,200.0,250.0,300.0,350.0
영풍제지,2000.0,2000.0,40.0,45.0,40.0,40.0,40.0,40.0
영화금속,20.0,30.0,50.0,30.0,30.0,0.0,0.0,15.0
영화테크,,,,100.0,100.0,100.0,50.0,50.0
영흥,,,,,,,,
예림당,,,,,,,,
예선테크,,,,,,,,
예스24,100.0,100.0,120.0,120.0,120.0,120.0,200.0,200.0
예스코홀딩스,1250.0,1250.0,1250.0,1500.0,1500.0,1500.0,1750.0,2000.0
예스티,0.0,0.0,0.0,0.0,0.0,0.0,0.0,0.0
오가닉티코스메틱,,,,54.0,46.0,79.0,0.0,0.0
오공,50.0,50.0,50.0,60.0,70.0,50.0,50.0,60.0
오디텍,100.0,100.0,100.0,130.0,100.0,100.0,100.0,100.0
오뚜기,3500.0,4000.0,5200.0,6800.0,7000.0,7500.0,7500.0,8000.0
오로라,100.0,100.0,100.0,100.0,110.0,150.0,200.0,100.0
오로스테크놀로지,,,,,,,0.0,0.0
오르비텍,0.0,0.0,0.0,0.0,0.0,0.0,0.0,0.0
오리엔탈정공,0.0,0.0,0.0,0.0,0.0,0.0,0.0,0.0
오리엔트바이오,,,,0.0,0.0,0.0,0.0,0.0
오리엔트정공,0.0,0.0,0.0,0.0,0.0,0.0,0.0,0.0
오리온,,,,,,,,
오리온홀딩스,3000.0,6000.0,6000.0,6000.0,600.0,650.0,650.0,650.0
오리콤,200.0,200.0,200.0,220.0,220.0,220.0,220.0,220.0
오비고,,,,,,,,
오상자이엘,0.0,0.0,0.0,0.0,0.0,0.0,0.0,0.0
오성첨단소재,0.0,0.0,0.0,0.0,0.0,0.0,0.0,0.0
오션브릿지,,,,0.0,0.0,400.0,270.0,320.0
오스코텍,0.0,0.0,0.0,0.0,0.0,0.0,0.0,0.0
오스테오닉,0.0,0.0,0.0,0.0,0.0,0.0,0.0,0.0
오스템,60.0,40.0,60.0,50.0,30.0,20.0,20.0,30.0
오스템임플란트,0.0,0.0,0.0,0.0,0.0,0.0,0.0,0.0
오이솔루션,150.0,200.0,100.0,125.0,100.0,120.0,400.0,300.0
오킨스전자,0.0,70.0,0.0,0.0,0.0,0.0,0.0,0.0
오텍,50.0,70.0,70.0,70.0,100.0,100.0,130.0,130.0
오파스넷,0.0,0.0,0.0,0.0,0.0,0.0,0.0,0.0
오픈베이스,25.0,25.0,25.0,25.0,15.0,15.0,15.0,15.0
오하임아이엔티,,,,,,,,
올리패스,,,,0.0,0.0,0.0,0.0,0.0
올릭스,,,,0.0,0.0,0.0,0.0,0.0
옴니시스템,0.0,0.0,0.0,0.0,0.0,0.0,0.0,0.0
옵트론텍,0.0,0.0,0.0,0.0,0.0,30.0,30.0,0.0
옵티시스,20.0,50.0,50.0,50.0,70.0,70.0,50.0,50.0
옵티팜,,,,0.0,0.0,0.0,0.0,0.0
와이더플래닛,,,,,,,0.0,0.0
와이솔,0.0,100.0,200.0,250.0,250.0,250.0,250.0,250.0
와이아이케이,,,,,,,,
와이어블,500.0,500.0,500.0,500.0,500.0,50.0,50.0,50.0
와이엔텍,0.0,0.0,0.0,0.0,0.0,0.0,0.0,0.0
와이엠씨,0.0,0.0,0.0,200.0,300.0,200.0,0.0,150.0
와이엠텍,,,,,,,,
와이엠티,,,,0.0,0.0,0.0,0.0,0.0
와이오엠,0.0,0.0,0.0,0.0,0.0,0.0,0.0,0.0
와이제이엠게임즈,0.0,0.0,50.0,0.0,0.0,0.0,0.0,0.0
와이즈버즈,,,,,,,,
와이지-원,150.0,150.0,150.0,170.0,200.0,200.0,120.0,100.0
와이지엔터테인먼트,300.0,250.0,350.0,200.0,150.0,150.0,0.0,0.0
와이투솔루션,0.0,0.0,0.0,0.0,0.0,0.0,0.0,0.0
와이팜,,,,,,,0.0,100.0
와토스코리아,0.0,150.0,150.0,150.0,200.0,200.0,200.0,200.0
용평리조트,,,,100.0,100.0,70.0,0.0,0.0
우리금융지주,,,,,,,,
우리기술,0.0,0.0,0.0,0.0,0.0,0.0,0.0,0.0
우리기술투자,0.0,15.0,0.0,15.0,20.0,10.0,0.0,0.0
우리넷,,,,,,,,
우리들휴브레인,0.0,0.0,0.0,0.0,0.0,0.0,0.0,0.0
우리로,0.0,0.0,0.0,0.0,0.0,0.0,0.0,0.0
우리바이오,25.0,25.0,0.0,0.0,0.0,0.0,0.0,0.0
우리산업,,,,,,,,
우리산업홀딩스,30.0,30.0,50.0,50.0,50.0,50.0,25.0,30.0
우리손에프앤지,,,,0.0,0.0,25.0,25.0,25.0
우리이앤엘,0.0,0.0,0.0,0.0,0.0,0.0,0.0,0.0
우리조명,25.0,25.0,0.0,0.0,0.0,0.0,0.0,0.0
우리종금,0.0,0.0,0.0,0.0,0.0,0.0,0.0,10.0
우림기계,35.0,75.0,50.0,50.0,25.0,60.0,0.0,50.0
우성사료,50.0,50.0,25.0,25.0,25.0,0.0,15.0,15.0
우수AMS,0.0,0.0,0.0,30.0,30.0,0.0,0.0,0.0
우신시스템,20.0,20.0,30.0,30.0,20.0,10.0,0.0,0.0
우양,,,,,,,,
우원개발,,,,,,,,
우정바이오,0.0,0.0,0.0,0.0,0.0,0.0,0.0,0.0
우주일렉트로,200.0,250.0,250.0,300.0,250.0,150.0,300.0,350.0
우진,,,,,,,,
우진비앤지,0.0,20.0,0.0,0.0,0.0,0.0,0.0,0.0
우진아이엔에스,,,,3500.0,4000.0,400.0,250.0,250.0
우진플라임,0.0,0.0,0.0,0.0,0.0,0.0,0.0,100.0
웅진,,,,,,,,
웅진씽크빅,0.0,0.0,0.0,0.0,164.0,0.0,310.0,110.0
원림,500.0,350.0,250.0,500.0,250.0,0.0,250.0,500.0
원바이오젠,,,,0.0,0.0,0.0,,
원방테크,,,,,,,0.0,930.0
원익,0.0,0.0,0.0,0.0,0.0,0.0,0.0,0.0
원익IPS,,,,0.0,200.0,220.0,0.0,200.0
원익QnC,0.0,0.0,0.0,0.0,0.0,0.0,0.0,0.0
원익머트리얼즈,0.0,0.0,0.0,0.0,0.0,200.0,150.0,200.0
원익큐브,0.0,0.0,0.0,0.0,0.0,0.0,0.0,0.0
원익피앤이,0.0,0.0,0.0,0.0,0.0,100.0,0.0,0.0
원익홀딩스,0.0,0.0,0.0,0.0,0.0,0.0,0.0,0.0
원일특강,70.0,80.0,80.0,80.0,100.0,120.0,150.0,120.0
원준,,,,,,,,
원티드랩,,,,,,,,
원풍,110.0,125.0,140.0,155.0,171.0,150.0,150.0,160.0
원풍물산,0.0,0.0,0.0,0.0,0.0,0.0,0.0,0.0
월덱스,50.0,0.0,0.0,0.0,40.0,50.0,50.0,70.0
웨이브일렉트로,0.0,0.0,0.0,0.0,0.0,0.0,0.0,0.0
웰바이오텍,0.0,0.0,0.0,0.0,0.0,0.0,0.0,0.0
웰크론,0.0,0.0,0.0,0.0,0.0,0.0,0.0,0.0
웰크론한텍,50.0,0.0,0.0,0.0,0.0,0.0,0.0,0.0
웹스,0.0,0.0,0.0,0.0,0.0,0.0,0.0,0.0
웹젠,0.0,0.0,0.0,0.0,0.0,0.0,0.0,0.0
웹케시,0.0,0.0,0.0,0.0,130.0,150.0,200.0,250.0
위니아딤채,,,,0.0,50.0,0.0,0.0,0.0
위닉스,,,,,,,,
위더스제약,,,,,,,0.0,205.0
위드텍,,,,,,,0.0,0.0
위메이드,0.0,0.0,0.0,600.0,600.0,600.0,600.0,600.0
위메이드맥스,0.0,0.0,0.0,0.0,0.0,0.0,0.0,0.0
위세아이텍,,,,40.0,50.0,25.0,50.0,150.0
위즈코프,0.0,0.0,0.0,0.0,20.0,20.0,0.0,20.0
위지윅스튜디오,,,,0.0,0.0,0.0,0.0,0.0
위지트,0.0,0.0,0.0,0.0,0.0,0.0,0.0,0.0
윈스,,,,,,,,
윈텍,,,,,,,,
윈팩,0.0,0.0,0.0,0.0,0.0,0.0,0.0,0.0
윈하이텍,0.0,100.0,70.0,30.0,80.0,120.0,0.0,0.0
윌링스,,,,,,,80.0,80.0
윌비스,0.0,20.0,20.0,0.0,0.0,0.0,0.0,0.0
윙입푸드,,,,0.0,0.0,0.0,0.0,0.0
유나이티드제약,,,,,,,,
유니드,1000.0,1100.0,1100.0,1100.0,1100.0,1100.0,1200.0,1400.0
유니셈,0.0,0.0,60.0,40.0,60.0,60.0,50.0,80.0
유니슨,0.0,0.0,0.0,0.0,0.0,0.0,0.0,0.0
유니온,,,,,,,,
유니온머티리얼,35.0,35.0,35.0,35.0,50.0,35.0,50.0,20.0
유니온커뮤니티,0.0,0.0,0.0,0.0,70.0,70.0,70.0,70.0
유니켐,,,,,,,,
유니퀘스트,0.0,750.0,200.0,80.0,100.0,100.0,150.0,125.0
유니크,,,,,,,,
유니테스트,0.0,80.0,200.0,150.0,200.0,400.0,250.0,0.0
유니테크노,,,,0.0,0.0,0.0,0.0,0.0
유니트론텍,926.0,0.0,831.0,150.0,70.0,80.0,100.0,50.0
유라테크,100.0,100.0,135.0,135.0,65.0,65.0,100.0,50.0
유바이오로직스,,,,0.0,0.0,0.0,0.0,0.0
유비벨록스,0.0,0.0,0.0,0.0,0.0,0.0,0.0,0.0
유비케어,0.0,0.0,30.0,30.0,30.0,35.0,40.0,50.0
유비쿼스,,,,0.0,500.0,600.0,450.0,320.0
유비쿼스홀딩스,120.0,200.0,300.0,250.0,0.0,150.0,130.0,170.0
유성기업,130.0,130.0,120.0,120.0,120.0,100.0,200.0,120.0
유성티엔에스,10.0,10.0,10.0,10.0,15.0,15.0,15.0,15.0
유수홀딩스,0.0,0.0,75.0,50.0,0.0,0.0,0.0,500.0
유신,,,,,,,,
유아이디,150.0,100.0,0.0,0.0,0.0,0.0,0.0,0.0
유아이엘,500.0,600.0,620.0,350.0,500.0,400.0,400.0,0.0
유안타제4호스팩,,,,,,,0.0,0.0
유안타제5호스팩,,,,,,,0.0,0.0
유안타제7호스팩,,,,,,,0.0,0.0
유안타제8호스팩,,,,,,,0.0,0.0
유안타증권,0.0,0.0,0.0,0.0,0.0,0.0,0.0,125.0
유앤아이,,,,,,,,
유에스티,,,,,,,,
유엔젤,150.0,100.0,100.0,0.0,0.0,0.0,0.0,0.0
유유제약,,,,180.0,190.0,200.0,210.0,210.0
유일에너테크,,,,,,,0.0,0.0
유진기업,,,,,,,,
유진로봇,0.0,0.0,0.0,0.0,0.0,0.0,0.0,0.0
유진스팩4호,,,,,,,0.0,0.0
유진스팩5호,,,,,,,0.0,0.0
유진스팩6호,,,,,,,,
유진스팩7호,,,,,,,,
유진테크,150.0,150.0,200.0,230.0,230.0,230.0,230.0,230.0
유진투자증권,,,,,,,,
유테크,0.0,0.0,0.0,0.0,0.0,0.0,0.0,0.0
유티아이,,,,0.0,64.0,100.0,100.0,100.0
유틸렉스,,,,0.0,0.0,0.0,0.0,0.0
유한양행,1500.0,1750.0,2000.0,2000.0,2000.0,2000.0,2000.0,400.0
유화증권,600.0,450.0,700.0,850.0,600.0,750.0,600.0,110.0
육일씨엔에쓰,0.0,0.0,0.0,0.0,0.0,0.0,0.0,0.0
율촌화학,500.0,500.0,500.0,500.0,500.0,500.0,500.0,500.0
율호,0.0,0.0,0.0,0.0,0.0,0.0,0.0,0.0
이건산업,150.0,150.0,150.0,150.0,250.0,200.0,200.0,200.0
이건홀딩스,50.0,30.0,30.0,30.0,50.0,70.0,70.0,70.0
이구산업,0.0,20.0,0.0,50.0,80.0,0.0,30.0,30.0
이글루시큐리티,50.0,30.0,30.0,50.0,70.0,140.0,140.0,160.0
이글벳,60.0,60.0,60.0,20.0,20.0,20.0,20.0,40.0
이노뎁,,,,,,,,
이노메트리,,,,0.0,0.0,200.0,400.0,0.0
이노션,4000.0,700.0,900.0,950.0,1000.0,1500.0,1500.0,1800.0
이노와이어리스,0.0,0.0,0.0,0.0,0.0,0.0,250.0,250.0
이노인스트루먼트,,,,,,,,
이노테라피,,,,0.0,0.0,0.0,0.0,0.0
이녹스,0.0,0.0,0.0,0.0,0.0,0.0,0.0,0.0
이녹스첨단소재,,,,0.0,0.0,0.0,0.0,0.0
이니텍,50.0,0.0,0.0,0.0,0.0,20.0,20.0,20.0
이더블유케이,,,,0.0,0.0,0.0,0.0,0.0
이라이콤,200.0,500.0,700.0,770.0,200.0,400.0,100.0,600.0
이랜시스,,,,,,,,
이랜텍,75.0,50.0,75.0,80.0,0.0,0.0,100.0,50.0
이루다,,,,,,,0.0,0.0
이루온,0.0,0.0,0.0,0.0,0.0,0.0,0.0,0.0
이리츠코크렙,,,,196.0,141.0,118.0,175.0,175.0
이마트,1500.0,1500.0,1500.0,1500.0,1750.0,2000.0,2000.0,2000.0
이미지스,0.0,0.0,0.0,0.0,0.0,0.0,0.0,0.0
이베스트스팩5호,,,,,,,0.0,0.0
이베스트이안스팩1호,,,,,,,0.0,0.0
이베스트투자증권,0.0,73.0,510.0,515.0,485.0,485.0,345.0,550.0
이브이첨단소재,0.0,0.0,0.0,0.0,25.0,30.0,0.0,0.0
이삭엔지니어링,,,,,,,,
이상네트웍스,30.0,40.0,0.0,50.0,100.0,0.0,100.0,100.0
이수앱지스,0.0,0.0,0.0,0.0,0.0,0.0,0.0,0.0
이수페타시스,100.0,80.0,90.0,100.0,70.0,70.0,60.0,0.0
이수화학,450.0,100.0,300.0,500.0,500.0,400.0,400.0,300.0
이스타코,0.0,0.0,0.0,0.0,0.0,0.0,0.0,0.0
이스트소프트,0.0,0.0,0.0,0.0,0.0,0.0,0.0,0.0
이스트아시아홀딩스,0.0,0.0,0.0,0.0,0.0,0.0,0.0,0.0
이씨에스,,,,250.0,200.0,200.0,120.0,100.0
이아이디,0.0,0.0,0.0,0.0,0.0,0.0,0.0,0.0
이엔드디,0.0,0.0,0.0,0.0,0.0,0.0,0.0,0.0
이엔에프테크놀로지,50.0,50.0,50.0,50.0,100.0,100.0,150.0,150.0
이엔코퍼레이션,0.0,0.0,0.0,0.0,0.0,0.0,0.0,0.0
이엔플러스,0.0,0.0,0.0,0.0,0.0,0.0,0.0,0.0
이엘피,0.0,0.0,0.0,0.0,0.0,150.0,120.0,120.0
이엠넷,50.0,40.0,50.0,20.0,30.0,20.0,30.0,50.0
이엠앤아이,0.0,0.0,0.0,0.0,0.0,0.0,0.0,0.0
이엠코리아,0.0,0.0,0.0,0.0,0.0,0.0,0.0,0.0
이엠텍,0.0,0.0,0.0,200.0,100.0,150.0,0.0,0.0
이연제약,150.0,250.0,300.0,350.0,350.0,500.0,350.0,200.0
이오테크닉스,100.0,200.0,100.0,100.0,200.0,100.0,150.0,300.0
이오플로우,,,,,,,0.0,0.0
이원컴포텍,0.0,0.0,0.0,0.0,0.0,0.0,0.0,0.0
이월드,0.0,0.0,0.0,0.0,0.0,0.0,0.0,0.0
이즈미디어,,,,0.0,0.0,50.0,0.0,0.0
이지바이오,,,,,,,0.0,75.0
이지스레지던스리츠,,,,,,,0.0,130.0
이지스밸류리츠,,,,,,,,
이지케어텍,,,,,,,86.0,86.0
이지홀딩스,50.0,50.0,50.0,50.0,50.0,75.0,50.0,50.0
이큐셀,0.0,0.0,0.0,0.0,0.0,0.0,0.0,0.0
이크레더블,320.0,350.0,420.0,530.0,530.0,670.0,740.0,700.0
이트론,0.0,0.0,0.0,0.0,0.0,0.0,0.0,0.0
이퓨쳐,0.0,0.0,0.0,0.0,0.0,0.0,0.0,0.0
이화공영,0.0,35.0,35.0,35.0,40.0,20.0,10.0,10.0
이화산업,,,,,,,,
이화전기,0.0,0.0,0.0,0.0,0.0,0.0,0.0,0.0
인디에프,0.0,0.0,0.0,0.0,0.0,0.0,0.0,0.0
인바디,40.0,60.0,80.0,100.0,120.0,120.0,140.0,140.0
인바이오,,,,,,,0.0,0.0
인바이오젠,0.0,0.0,0.0,0.0,0.0,0.0,0.0,0.0
인베니아,0.0,0.0,0.0,0.0,10.0,60.0,0.0,0.0
인산가,0.0,0.0,0.0,,,,,
인선이엔티,0.0,0.0,0.0,0.0,0.0,0.0,0.0,0.0
인성정보,0.0,0.0,0.0,0.0,0.0,0.0,0.0,0.0
인스코비,0.0,0.0,0.0,0.0,0.0,0.0,0.0,0.0
인지디스플레,0.0,0.0,0.0,50.0,75.0,75.0,75.0,100.0
인지컨트롤스,100.0,100.0,150.0,100.0,150.0,100.0,100.0,100.0
인천도시가스,1250.0,1250.0,1250.0,1250.0,1250.0,1250.0,1250.0,1250.0
인콘,0.0,0.0,0.0,0.0,0.0,0.0,0.0,0.0
인크로스,,,,0.0,0.0,0.0,0.0,0.0
인탑스,500.0,250.0,350.0,230.0,200.0,200.0,250.0,250.0
인터로조,70.0,70.0,120.0,180.0,300.0,300.0,300.0,300.0
인터엠,100.0,120.0,120.0,120.0,120.0,120.0,100.0,0.0
인터지스,60.0,150.0,100.0,120.0,120.0,0.0,0.0,0.0
인터파크,0.0,100.0,250.0,100.0,150.0,100.0,,
인터플렉스,0.0,0.0,0.0,0.0,0.0,0.0,0.0,0.0
인텍플러스,0.0,0.0,0.0,0.0,0.0,0.0,0.0,100.0
인텔리안테크,,,,100.0,100.0,100.0,100.0,100.0
인트로메딕,0.0,0.0,0.0,0.0,0.0,0.0,0.0,0.0
인트론바이오,0.0,0.0,0.0,0.0,0.0,0.0,0.0,0.0
인팩,130.0,140.0,140.0,150.0,130.0,130.0,120.0,150.0
인포마크,0.0,0.0,0.0,0.0,0.0,0.0,0.0,0.0
인포바인,810.0,0.0,1750.0,900.0,1080.0,950.0,900.0,900.0
인포뱅크,0.0,0.0,0.0,30.0,50.0,50.0,10.0,10.0
인피니트헬스케어,0.0,0.0,0.0,0.0,0.0,0.0,0.0,0.0
인피니티엔티,0.0,0.0,0.0,0.0,0.0,0.0,0.0,0.0
인화정공,50.0,50.0,50.0,50.0,50.0,0.0,0.0,0.0
일동제약,,,,300.0,400.0,400.0,0.0,0.0
일동홀딩스,160.0,200.0,300.0,150.0,200.0,200.0,100.0,100.0
일성건설,150.0,0.0,0.0,200.0,0.0,0.0,15.0,15.0
일성신약,250.0,500.0,750.0,750.0,750.0,750.0,750.0,750.0
일승,,,,,,,,
일신바이오,0.0,5.0,0.0,0.0,0.0,5.0,0.0,0.0
일신방직,2000.0,1750.0,2500.0,2800.0,1500.0,2000.0,1500.0,1500.0
일신석재,0.0,0.0,0.0,0.0,0.0,0.0,0.0,0.0
일야,0.0,70.0,110.0,0.0,0.0,0.0,0.0,0.0
일양약품,100.0,0.0,0.0,100.0,0.0,0.0,120.0,120.0
일정실업,1250.0,1250.0,1250.0,1250.0,500.0,0.0,0.0,0.0
일지테크,60.0,100.0,100.0,150.0,70.0,25.0,0.0,0.0
일진다이아,100.0,100.0,100.0,100.0,250.0,250.0,300.0,300.0
일진디스플,200.0,100.0,0.0,0.0,100.0,50.0,0.0,0.0
일진머티리얼즈,0.0,0.0,0.0,50.0,650.0,0.0,50.0,200.0
일진전기,70.0,80.0,80.0,0.0,0.0,0.0,0.0,60.0
일진파워,137.0,161.0,165.0,190.0,212.0,330.0,300.0,300.0
일진하이솔루스,,,,,,,,
일진홀딩스,50.0,70.0,70.0,30.0,0.0,70.0,100.0,100.0
잇츠한불,250.0,905.0,1915.0,5388.0,600.0,150.0,100.0,100.0
잉글우드랩,,,,0.0,0.0,0.0,0.0,0.0
잉크테크,0.0,0.0,0.0,0.0,0.0,0.0,0.0,0.0
자비스,0.0,0.0,0.0,0.0,0.0,0.0,,
자안바이오,0.0,0.0,500.0,500.0,0.0,0.0,0.0,0.0
자안코스메틱,0.0,0.0,0.0,0.0,168.0,0.0,0.0,0.0
자연과환경,0.0,0.0,0.0,0.0,0.0,0.0,0.0,0.0
자이글,,,,300.0,0.0,0.0,0.0,0.0
자이언트스텝,,,,,,,0.0,0.0
자이에스앤디,,,,,,,100.0,150.0
자화전자,350.0,400.0,400.0,400.0,450.0,200.0,0.0,0.0
장원테크,,,,200.0,0.0,0.0,0.0,0.0
재영솔루텍,0.0,0.0,0.0,0.0,0.0,0.0,0.0,0.0
전방,0.0,0.0,0.0,0.0,500.0,0.0,0.0,0.0
전진바이오팜,,,,0.0,0.0,0.0,0.0,0.0
정다운,67.0,67.0,0.0,,,,,
정산애강,0.0,0.0,0.0,0.0,0.0,0.0,0.0,0.0
정상제이엘에스,420.0,420.0,420.0,430.0,430.0,430.0,430.0,430.0
정원엔시스,0.0,0.0,0.0,0.0,0.0,0.0,0.0,0.0
제너셈,50.0,50.0,50.0,0.0,0.0,0.0,50.0,0.0
제넥신,0.0,0.0,0.0,0.0,0.0,0.0,0.0,0.0
제넨바이오,0.0,0.0,0.0,0.0,0.0,0.0,0.0,0.0
제노레이,,,,0.0,0.0,300.0,133.0,120.0
제노코,,,,,,,0.0,0.0
제노포커스,0.0,0.0,0.0,0.0,0.0,0.0,0.0,0.0
제놀루션,0.0,0.0,0.0,0.0,0.0,0.0,0.0,700.0
제닉,0.0,0.0,0.0,0.0,0.0,0.0,0.0,0.0
제로투세븐,0.0,0.0,0.0,0.0,0.0,0.0,0.0,0.0
제룡산업,50.0,50.0,70.0,75.0,100.0,100.0,100.0,150.0
제룡전기,50.0,50.0,55.0,50.0,50.0,50.0,50.0,50.0
제우스,200.0,150.0,300.0,200.0,200.0,300.0,200.0,200.0
제이브이엠,0.0,0.0,0.0,320.0,300.0,350.0,400.0,400.0
제이스텍,0.0,50.0,50.0,100.0,500.0,100.0,50.0,50.0
제이시스메디칼,,,,0.0,0.0,0.0,0.0,0.0
제이씨케미칼,80.0,0.0,60.0,100.0,60.0,60.0,60.0,90.0
제이씨현시스템,15.0,15.0,15.0,25.0,100.0,70.0,0.0,70.0
제이알글로벌리츠,,,,,,,0.0,0.0
제이앤티씨,,,,,,,0.0,0.0
제이에스코퍼레이션,6210.0,0.0,250.0,250.0,300.0,450.0,500.0,450.0
제이에스티나,125.0,100.0,100.0,100.0,50.0,50.0,0.0,0.0
제이엔케이히터,100.0,0.0,100.0,50.0,50.0,0.0,0.0,0.0
제이엘케이,,,,,,,0.0,0.0
제이엠아이,0.0,20.0,0.0,0.0,0.0,0.0,0.0,0.0
제이엠티,50.0,50.0,0.0,0.0,0.0,100.0,50.0,50.0
제이웨이,0.0,0.0,0.0,0.0,0.0,0.0,0.0,0.0
제이준코스메틱,0.0,0.0,0.0,0.0,0.0,0.0,0.0,0.0
제이콘텐트리,0.0,0.0,0.0,0.0,0.0,0.0,0.0,0.0
제이티,,,,,,,,
제일기획,0.0,0.0,300.0,300.0,760.0,770.0,820.0,840.0
제일바이오,0.0,0.0,0.0,0.0,0.0,0.0,0.0,0.0
제일약품,,,,0.0,70.0,60.0,70.0,70.0
제일연마,200.0,200.0,160.0,160.0,180.0,200.0,220.0,220.0
제일전기공업,,,,,,,125.0,0.0
제일제강,0.0,0.0,0.0,0.0,0.0,0.0,0.0,0.0
제일테크노스,100.0,800.0,80.0,60.0,80.0,100.0,90.0,30.0
제일파마홀딩스,40.0,60.0,60.0,70.0,60.0,70.0,70.0,70.0
제주맥주,,,,,,,,
제주반도체,0.0,0.0,0.0,0.0,0.0,0.0,0.0,0.0
제주은행,100.0,100.0,100.0,100.0,100.0,100.0,100.0,100.0
제주항공,0.0,0.0,400.0,500.0,600.0,650.0,0.0,0.0
제테마,,,,,,,0.0,0.0
젠큐릭스,0.0,0.0,0.0,0.0,0.0,0.0,0.0,0.0
젬백스,0.0,0.0,0.0,0.0,0.0,0.0,0.0,0.0
젬백스링크,30.0,50.0,0.0,0.0,0.0,0.0,0.0,0.0
젬백스지오,0.0,0.0,0.0,0.0,0.0,0.0,0.0,0.0
조광ILI,80.0,80.0,80.0,80.0,80.0,100.0,0.0,0.0
조광페인트,200.0,200.0,250.0,400.0,250.0,100.0,200.0,200.0
조광피혁,0.0,0.0,0.0,100.0,0.0,0.0,0.0,300.0
조비,0.0,0.0,0.0,0.0,0.0,0.0,0.0,0.0
조선내화,4000.0,4000.0,4000.0,3500.0,3500.0,4000.0,4000.0,4200.0
조선선재,0.0,0.0,0.0,1500.0,1500.0,1500.0,1500.0,1500.0
조아제약,0.0,0.0,0.0,0.0,0.0,0.0,0.0,0.0
조이시티,0.0,0.0,0.0,0.0,0.0,0.0,0.0,0.0
조일알미늄,15.0,0.0,15.0,15.0,15.0,0.0,0.0,0.0
조흥,,,,,,,,
종근당,300.0,800.0,600.0,900.0,900.0,900.0,900.0,1000.0
종근당바이오,100.0,100.0,350.0,400.0,400.0,200.0,200.0,200.0
종근당홀딩스,1700.0,700.0,1200.0,1400.0,900.0,1300.0,1300.0,1400.0
좋은사람들,0.0,10.0,0.0,0.0,0.0,0.0,0.0,0.0
주성엔지니어링,0.0,0.0,0.0,0.0,100.0,100.0,70.0,0.0
주연테크,0.0,0.0,0.0,0.0,0.0,0.0,0.0,0.0
줌인터넷,0.0,0.0,0.0,0.0,0.0,0.0,,
중앙디앤엠,0.0,0.0,0.0,0.0,0.0,0.0,0.0,0.0
중앙백신,50.0,50.0,50.0,50.0,50.0,50.0,50.0,70.0
중앙에너비스,800.0,200.0,800.0,800.0,880.0,160.0,160.0,480.0
지나인제약,0.0,0.0,0.0,0.0,0.0,0.0,0.0,0.0
지노믹트리,0.0,0.0,0.0,0.0,0.0,0.0,0.0,0.0
지놈앤컴퍼니,,,,0.0,0.0,0.0,0.0,0.0
지누스,0.0,0.0,0.0,0.0,0.0,0.0,1250.0,800.0
지니뮤직,0.0,0.0,0.0,0.0,0.0,0.0,0.0,0.0
지니언스,,,,0.0,100.0,0.0,0.0,0.0
지니틱스,,,,,,,,
지더블유바이텍,0.0,0.0,0.0,0.0,0.0,0.0,0.0,0.0
지란지교시큐리티,,,,,,,,
지스마트글로벌,0.0,0.0,0.0,0.0,0.0,0.0,0.0,0.0
지어소프트,0.0,0.0,0.0,0.0,0.0,0.0,0.0,0.0
지에스이,,,,,,,,
지엔씨에너지,50.0,70.0,80.0,120.0,60.0,50.0,50.0,50.0
지엔원에너지,,,,,,,,
지엔코,0.0,0.0,0.0,0.0,0.0,0.0,0.0,0.0
지엘팜텍,,,,,,,,
지엠비코리아,,,,,,,,
지역난방공사,2990.0,2110.0,3620.0,3800.0,2820.0,0.0,0.0,965.0
지코,,,,,,,,
지투알,200.0,200.0,200.0,250.0,250.0,250.0,300.0,300.0
지트리비앤티,0.0,0.0,0.0,0.0,0.0,0.0,0.0,0.0
지티지웰니스,0.0,0.0,0.0,0.0,0.0,0.0,0.0,0.0
진도,0.0,0.0,150.0,200.0,270.0,150.0,100.0,0.0
진로발효,1000.0,1000.0,1100.0,1210.0,1100.0,1200.0,1350.0,1350.0
진매트릭스,0.0,0.0,0.0,0.0,0.0,0.0,0.0,0.0
진바이오텍,,,,,,,,
진성티이씨,100.0,120.0,150.0,160.0,180.0,200.0,200.0,200.0
진시스템,,,,,,,,
진양산업,,,,,,,,
진양제약,100.0,100.0,100.0,100.0,100.0,100.0,100.0,100.0
진양폴리,,,,,,,,
진양홀딩스,135.0,165.0,140.0,140.0,140.0,150.0,170.0,170.0
진양화학,185.0,215.0,125.0,75.0,0.0,0.0,0.0,0.0
진에어,,,,2500.0,250.0,300.0,0.0,0.0
진원생명과학,0.0,0.0,0.0,0.0,0.0,0.0,0.0,0.0
진흥기업,,,,,,,,
차바이오텍,,,,,,,,
참엔지니어링,,,,,,,,
참존글로벌,0.0,0.0,0.0,0.0,0.0,0.0,0.0,0.0
참좋은여행,,,,,,,,
창해에탄올,150.0,500.0,500.0,500.0,600.0,600.0,600.0,600.0
천랩,,,,,,,0.0,0.0
천보,,,,,,,,
천일고속,0.0,0.0,6000.0,8000.0,15300.0,6000.0,5000.0,3000.0
청담러닝,500.0,800.0,800.0,800.0,800.0,800.0,1000.0,800.0
체리부로,,,,0.0,100.0,50.0,0.0,0.0
체시스,,,,0.0,0.0,0.0,0.0,0.0
초록뱀미디어,0.0,0.0,0.0,0.0,0.0,0.0,0.0,0.0
초록뱀컴퍼니,0.0,0.0,0.0,0.0,0.0,0.0,0.0,0.0
칩스앤미디어,0.0,0.0,170.0,95.0,0.0,72.0,152.0,200.0
카스,50.0,25.0,25.0,25.0,20.0,20.0,10.0,10.0
카이노스메드,0.0,0.0,0.0,0.0,0.0,0.0,,
카카오,,,,,,,,
카카오게임즈,,,,,,,0.0,0.0
카카오뱅크,,,,,,,0.0,0.0
카페24,0.0,0.0,0.0,0.0,0.0,0.0,0.0,0.0
카프로,0.0,0.0,0.0,0.0,50.0,50.0,0.0,0.0
캐리소프트,,,,,,,0.0,0.0
캐스텍코리아,100.0,120.0,130.0,130.0,100.0,20.0,0.0,0.0
캔서롭,0.0,0.0,0.0,0.0,0.0,0.0,0.0,0.0
캠시스,30.0,0.0,0.0,0.0,0.0,0.0,0.0,0.0
컨버즈,0.0,0.0,0.0,0.0,0.0,0.0,0.0,0.0
컬러레이,,,,0.0,88.0,0.0,0.0,0.0
컴투스,0.0,0.0,0.0,1400.0,1400.0,1400.0,1400.0,1500.0
컴퍼니케이,,,,,,,160.0,190.0
케어랩스,,,,0.0,0.0,0.0,0.0,0.0
케어젠,0.0,0.0,600.0,1000.0,1200.0,600.0,2800.0,2000.0
케이디켐,,,,,,,,
케이비17호스팩,,,,,,,0.0,0.0
케이비아이동국실업,0.0,0.0,0.0,0.0,0.0,0.0,0.0,0.0
케이비제18호스팩,,,,,,,0.0,0.0
케이비제19호스팩,,,,,,,0.0,0.0
케이비제20호스팩,,,,,,,0.0,0.0
케이사인,,,,,,,,
케이씨,,,,,,,,
케이씨에스,,,,,,,,
케이씨텍,,,,,,,,
케이씨티,,,,,,,,
케이씨피드,40.0,25.0,35.0,35.0,35.0,25.0,15.0,20.0
케이아이엔엑스,80.0,80.0,100.0,120.0,220.0,400.0,500.0,500.0
케이에스피,0.0,0.0,0.0,0.0,0.0,0.0,0.0,0.0
케이엔더블유,0.0,100.0,0.0,0.0,0.0,0.0,0.0,0.0
케이엔제이,,,,,,,0.0,0.0
케이엘넷,25.0,0.0,15.0,20.0,30.0,30.0,60.0,60.0
케이엠,,,,,,,,
케이엠더블유,0.0,0.0,0.0,0.0,0.0,0.0,0.0,0.0
케이엠제약,2500.0,2500.0,2500.0,50.0,50.0,50.0,,
케이카,,,,,,,,
케이탑리츠,600.0,320.0,30.0,20.0,20.0,20.0,25.0,80.0
케이티알파,0.0,0.0,0.0,0.0,0.0,0.0,0.0,0.0
케이프,0.0,0.0,0.0,0.0,0.0,0.0,0.0,0.0
케이프이에스제4호,,,,,,,0.0,0.0
케이피에스,,,,,,,,
케이피에프,120.0,100.0,150.0,0.0,0.0,0.0,160.0,130.0
케이피엠테크,0.0,0.0,0.0,0.0,0.0,0.0,0.0,0.0
케이피티유,0.0,0.0,50.0,50.0,50.0,50.0,0.0,0.0
켄코아에어로스페이스,,,,,,,0.0,0.0
켐온,,,,,,,,
켐트로닉스,400.0,0.0,0.0,0.0,0.0,0.0,300.0,250.0
켐트로스,,,,,,,,
코나아이,200.0,250.0,325.0,0.0,0.0,0.0,0.0,0.0
코다코,50.0,50.0,55.0,50.0,55.0,0.0,0.0,0.0
코데즈컴바인,0.0,0.0,0.0,0.0,0.0,0.0,0.0,0.0
코드네이처,0.0,0.0,0.0,0.0,0.0,0.0,0.0,0.0
코디,0.0,0.0,0.0,0.0,0.0,0.0,0.0,0.0
코디엠,0.0,0.0,0.0,0.0,0.0,0.0,0.0,0.0
코람코에너지리츠,,,,,,,0.0,131.0
코렌텍,0.0,0.0,0.0,0.0,0.0,0.0,0.0,0.0
코리아나,,,,,,,,
코리아센터,,,,,,,0.0,0.0
코리아써키트,100.0,100.0,100.0,100.0,0.0,0.0,0.0,0.0
코리아에셋투자증권,,,,,,,250.0,300.0
코리아에스이,80.0,30.0,120.0,40.0,10.0,0.0,0.0,0.0
코리아에프티,,,,,,,,
코리안리,175.0,225.0,350.0,325.0,300.0,275.0,500.0,450.0
코맥스,100.0,50.0,50.0,50.0,50.0,50.0,50.0,50.0
코메론,50.0,150.0,120.0,160.0,130.0,140.0,200.0,200.0
코미코,,,,0.0,330.0,400.0,400.0,350.0
코미팜,0.0,0.0,0.0,0.0,0.0,0.0,0.0,0.0
코세스,0.0,0.0,0.0,0.0,0.0,0.0,0.0,0.0
코센,,,,,,,,
코스나인,,,,,,,,
코스맥스,0.0,500.0,700.0,1000.0,300.0,600.0,900.0,0.0
코스맥스비티아이,330.0,240.0,130.0,200.0,100.0,140.0,250.0,200.0
코스맥스엔비티,0.0,0.0,0.0,0.0,0.0,111.0,0.0,0.0
코스메카코리아,,,,0.0,200.0,1200.0,0.0,0.0
코스모신소재,0.0,0.0,0.0,0.0,0.0,0.0,0.0,0.0
코스모화학,0.0,0.0,0.0,0.0,0.0,0.0,0.0,0.0
코스온,0.0,0.0,0.0,0.0,0.0,0.0,0.0,0.0
코아스,0.0,0.0,0.0,0.0,0.0,0.0,0.0,0.0
코아스템,0.0,0.0,0.0,0.0,0.0,0.0,0.0,0.0
코아시아,0.0,0.0,0.0,0.0,0.0,0.0,60.0,0.0
코아시아옵틱스,0.0,0.0,0.0,0.0,0.0,0.0,0.0,0.0
코엔텍,,,,,,,,
코오롱,500.0,500.0,500.0,500.0,500.0,500.0,500.0,500.0
코오롱글로벌,0.0,3475.0,1737.0,150.0,150.0,100.0,350.0,400.0
코오롱머티리얼,200.0,0.0,0.0,100.0,0.0,0.0,0.0,0.0
코오롱생명과학,20.0,200.0,100.0,200.0,0.0,0.0,0.0,0.0
코오롱인더,600.0,500.0,500.0,1100.0,1100.0,900.0,900.0,1000.0
코오롱티슈진,,,,0.0,0.0,0.0,0.0,0.0
코오롱플라스틱,0.0,50.0,75.0,100.0,120.0,120.0,70.0,0.0
코웨이,2710.0,2000.0,2800.0,3200.0,3200.0,3600.0,2400.0,1200.0
코웰패션,,,,,,,,
코위버,100.0,130.0,100.0,70.0,100.0,150.0,200.0,80.0
코윈테크,,,,,,,470.0,200.0
코이즈,0.0,0.0,0.0,55.0,0.0,0.0,0.0,0.0
코콤,50.0,100.0,125.0,150.0,165.0,195.0,160.0,155.0
코텍,,,,,,,,
코퍼스코리아,,,,,,,,
코프라,100.0,150.0,150.0,150.0,70.0,70.0,70.0,100.0
콜마비앤에이치,,,,,,,,
콤텍시스템,30.0,0.0,0.0,0.0,0.0,0.0,0.0,0.0
쿠콘,,,,,,,0.0,0.0
쿠쿠홀딩스,12000.0,1500.0,2100.0,3100.0,4100.0,3000.0,3000.0,3300.0
쿠쿠홈시스,,,,,,,,
퀀타매트릭스,,,,,,,0.0,0.0
큐라클,,,,,,,,
큐렉소,0.0,0.0,0.0,0.0,0.0,0.0,0.0,0.0
큐로,0.0,0.0,0.0,0.0,0.0,0.0,0.0,0.0
큐로컴,0.0,0.0,0.0,0.0,0.0,0.0,0.0,0.0
큐로홀딩스,0.0,0.0,0.0,0.0,0.0,0.0,0.0,0.0
큐리언트,0.0,0.0,0.0,0.0,0.0,0.0,0.0,0.0
큐브엔터,0.0,0.0,0.0,0.0,0.0,0.0,0.0,0.0
큐에스아이,50.0,0.0,50.0,0.0,50.0,20.0,50.0,50.0
큐캐피탈,0.0,0.0,0.0,0.0,0.0,0.0,0.0,0.0
크라운제과,,,,0.0,250.0,250.0,250.0,250.0
크라운해태홀딩스,1000.0,1000.0,2000.0,200.0,100.0,100.0,100.0,100.0
크래프톤,,,,0.0,0.0,0.0,0.0,0.0
크로바하이텍,0.0,0.0,0.0,0.0,0.0,0.0,0.0,0.0
크루셜텍,0.0,0.0,0.0,0.0,0.0,0.0,0.0,0.0
크리스에프앤씨,,,,0.0,1500.0,280.0,400.0,740.0
크리스탈신소재,0.0,0.0,0.0,70.0,28.0,0.0,0.0,0.0
크리스탈지노믹스,0.0,0.0,0.0,0.0,0.0,0.0,0.0,0.0
크린앤사이언스,0.0,0.0,0.0,0.0,0.0,0.0,300.0,500.0
클라우드에어,0.0,0.0,0.0,0.0,0.0,0.0,0.0,0.0
클래시스,,,,,,,,
클리노믹스,,,,,,,0.0,0.0
클리오,,,,600.0,100.0,0.0,0.0,0.0
키네마스터,70.0,50.0,0.0,0.0,0.0,0.0,0.0,0.0
키다리스튜디오,0.0,30.0,20.0,0.0,0.0,0.0,0.0,0.0
키움증권,,,,850.0,1300.0,1500.0,2000.0,3000.0
키이스트,0.0,0.0,0.0,0.0,0.0,0.0,0.0,0.0
타이거일렉,0.0,0.0,0.0,0.0,0.0,0.0,0.0,0.0
탑엔지니어링,,,,,,,,
태경비케이,1000.0,1000.0,100.0,100.0,100.0,100.0,100.0,100.0
태경산업,,,,,,,,
태경케미컬,150.0,150.0,150.0,150.0,150.0,150.0,150.0,200.0
태광,,,,,,,,
태광산업,1750.0,1250.0,1750.0,1750.0,1925.0,3000.0,1550.0,1550.0
태림포장,25.0,30.0,8.0,8.0,8.0,233.0,290.0,0.0
태양,,,,,,,,
태양금속,,,,,,,,
태영건설,,,,,,,,
태웅,,,,,,,,
태웅로직스,,,,,,,50.0,50.0
태원물산,60.0,80.0,90.0,100.0,80.0,70.0,85.0,50.0
태평양물산,37.0,25.0,20.0,0.0,0.0,20.0,30.0,0.0
테고사이언스,0.0,50.0,0.0,0.0,0.0,0.0,0.0,0.0
테라사이언스,0.0,0.0,0.0,0.0,0.0,0.0,0.0,0.0
테라셈,0.0,50.0,50.0,0.0,0.0,0.0,0.0,0.0
테라젠이텍스,0.0,0.0,0.0,0.0,0.0,0.0,0.0,0.0
테스,,,,,,,,
테스나,170.0,120.0,0.0,0.0,150.0,170.0,200.0,0.0
테이팩스,,,,0.0,0.0,0.0,0.0,500.0
테크윙,120.0,200.0,220.0,220.0,230.0,230.0,230.0,230.0
텔레칩스,0.0,70.0,80.0,130.0,100.0,120.0,120.0,0.0
텔레필드,0.0,0.0,0.0,0.0,0.0,0.0,0.0,0.0
텔코웨어,650.0,600.0,660.0,500.0,580.0,650.0,550.0,480.0
텔콘RF제약,0.0,0.0,0.0,0.0,0.0,0.0,0.0,0.0
토니모리,400.0,200.0,300.0,230.0,50.0,100.0,0.0,0.0
토박스코리아,,,,,,,,
토비스,100.0,160.0,200.0,160.0,160.0,200.0,240.0,0.0
토탈소프트,0.0,0.0,0.0,0.0,0.0,0.0,0.0,0.0
톱텍,150.0,100.0,150.0,150.0,0.0,150.0,100.0,100.0
투비소프트,70.0,30.0,0.0,30.0,0.0,0.0,0.0,0.0
트루윈,50.0,25.0,0.0,0.0,0.0,0.0,0.0,0.0
특수건설,0.0,0.0,0.0,0.0,0.0,0.0,0.0,0.0
티라유텍,,,,,,,0.0,0.0
티로보틱스,,,,0.0,0.0,0.0,0.0,0.0
티비씨,,,,,,,,
티사이언티픽,0.0,0.0,0.0,0.0,0.0,0.0,0.0,0.0
티씨케이,35.0,120.0,240.0,500.0,700.0,900.0,900.0,1100.0
티앤알바이오팹,,,,0.0,0.0,0.0,0.0,0.0
티앤엘,,,,,,,400.0,400.0
티에스아이,,,,,,,,
티에스이,,,,,,,,
티에이치엔,40.0,20.0,60.0,55.0,50.0,50.0,60.0,30.0
티엘비,,,,,,,700.0,0.0
티엘아이,0.0,100.0,100.0,100.0,120.0,0.0,100.0,0.0
티와이홀딩스,,,,,,,0.0,0.0
티움바이오,,,,,,,0.0,0.0
티웨이항공,,,,0.0,0.0,0.0,0.0,0.0
티웨이홀딩스,0.0,0.0,0.0,0.0,0.0,0.0,0.0,0.0
티케이케미칼,0.0,0.0,0.0,0.0,0.0,0.0,0.0,0.0
티플랙스,0.0,20.0,25.0,20.0,20.0,20.0,20.0,25.0
티피씨글로벌,0.0,20.0,40.0,50.0,0.0,0.0,20.0,0.0
팅크웨어,0.0,0.0,0.0,0.0,0.0,0.0,0.0,0.0
파나진,,,,,,,,
파라다이스,350.0,600.0,375.0,300.0,100.0,100.0,100.0,0.0
파라텍,,,,,,,,
파루,0.0,0.0,0.0,0.0,0.0,0.0,0.0,0.0
파마리서치,0.0,0.0,200.0,300.0,300.0,300.0,300.0,500.0
파멥신,,,,0.0,0.0,0.0,0.0,0.0
파미셀,,,,,,,,
파버나인,0.0,0.0,0.0,0.0,0.0,0.0,0.0,0.0
파세코,150.0,150.0,170.0,200.0,210.0,200.0,250.0,300.0
파수,50.0,50.0,50.0,0.0,0.0,0.0,0.0,0.0
파워넷,,,,,,,,
파워로직스,0.0,0.0,0.0,0.0,0.0,0.0,50.0,0.0
파이오링크,80.0,60.0,0.0,0.0,0.0,0.0,100.0,150.0
파인디앤씨,,,,,,,,
파인디지털,100.0,100.0,100.0,50.0,50.0,50.0,50.0,100.0
파인테크닉스,0.0,0.0,25.0,25.0,0.0,0.0,0.0,0.0
파인텍,,,,,,,,
파커스,0.0,0.0,0.0,0.0,0.0,300.0,150.0,150.0
파크시스템스,0.0,0.0,0.0,50.0,80.0,100.0,120.0,180.0
파트론,300.0,250.0,250.0,200.0,175.0,200.0,350.0,250.0
판타지오,,,,,,,,
팜스빌,,,,,,,200.0,100.0
팜스코,0.0,0.0,0.0,100.0,100.0,50.0,50.0,100.0
팜스토리,25.0,25.0,0.0,0.0,0.0,0.0,25.0,50.0
팜젠사이언스,0.0,0.0,0.0,0.0,0.0,0.0,0.0,0.0
패션플랫폼,0.0,0.0,0.0,,,,,
팬스타엔터프라이즈,0.0,0.0,0.0,0.0,0.0,0.0,0.0,0.0
팬엔터테인먼트,0.0,0.0,0.0,0.0,0.0,0.0,0.0,0.0
팬오션,0.0,0.0,0.0,0.0,0.0,0.0,0.0,50.0
팬젠,,,,,,,,
퍼스텍,,,,,,,,
퍼시스,700.0,700.0,700.0,700.0,800.0,1000.0,1000.0,1000.0
펄어비스,,,,0.0,0.0,0.0,0.0,0.0
펌텍코리아,,,,,,,330.0,430.0
페이퍼코리아,0.0,0.0,0.0,0.0,0.0,0.0,0.0,0.0
펩트론,0.0,0.0,0.0,0.0,0.0,0.0,0.0,0.0
평화산업,50.0,0.0,50.0,0.0,0.0,0.0,0.0,0.0
평화홀딩스,100.0,100.0,100.0,150.0,150.0,150.0,150.0,150.0
포메탈,40.0,30.0,30.0,40.0,60.0,60.0,60.0,60.0
포스코 ICT,50.0,50.0,0.0,50.0,75.0,50.0,50.0,50.0
포스코강판,0.0,0.0,750.0,1000.0,750.0,500.0,400.0,500.0
포스코엠텍,50.0,0.0,50.0,25.0,75.0,80.0,80.0,80.0
포스코인터내셔널,300.0,500.0,500.0,500.0,500.0,600.0,700.0,700.0
포스코케미칼,1500.0,1750.0,200.0,300.0,350.0,400.0,400.0,300.0
포시에스,,,,100.0,100.0,100.0,100.0,100.0
포인트모바일,,,,,,,0.0,0.0
포인트엔지니어링,,,,416.0,400.0,200.0,,
포티스,0.0,0.0,0.0,0.0,0.0,0.0,0.0,0.0
폴라리스오피스,0.0,0.0,0.0,0.0,0.0,0.0,0.0,0.0
폴라리스우노,50.0,100.0,100.0,150.0,200.0,100.0,100.0,100.0
폴라리스웍스,0.0,0.0,0.0,0.0,0.0,0.0,0.0,0.0
폴루스바이오팜,0.0,0.0,0.0,0.0,0.0,0.0,0.0,0.0
푸드나무,,,,100000.0,30000.0,100.0,70.0,300.0
푸드웰,75.0,75.0,75.0,75.0,75.0,75.0,100.0,85.0
푸른기술,0.0,0.0,0.0,0.0,0.0,0.0,30.0,0.0
푸른저축은행,0.0,300.0,200.0,500.0,550.0,550.0,550.0,550.0
풀무원,1020.0,1020.0,1020.0,1020.0,1153.0,1020.0,102.0,102.0
풍강,,,,70.0,80.0,40.0,60.0,30.0
풍국주정,250.0,250.0,300.0,100.0,0.0,0.0,0.0,0.0
풍산,450.0,600.0,500.0,700.0,800.0,600.0,400.0,600.0
풍산홀딩스,,,,,,,,
퓨쳐켐,0.0,0.0,0.0,0.0,0.0,0.0,0.0,0.0
프럼파스트,0.0,100.0,100.0,75.0,100.0,0.0,0.0,50.0
프레스티지바이오로직스,,,,,,,0.0,0.0
프레스티지바이오파마,,,,,,,,
프로스테믹스,,,,,,,,
프로텍,80.0,160.0,150.0,150.0,200.0,300.0,400.0,300.0
프롬바이오,,,,,,,,
프리시젼바이오,,,,,,,0.0,0.0
프리엠스,50.0,50.0,50.0,50.0,50.0,50.0,50.0,50.0
플래티어,,,,,,,,
플랜티넷,330.0,150.0,150.0,150.0,150.0,150.0,250.0,200.0
플레이디,,,,,,,220.0,0.0
플레이위드,0.0,0.0,0.0,0.0,0.0,0.0,0.0,300.0
플리토,,,,,,,0.0,0.0
피델릭스,,,,,,,,
피씨디렉트,0.0,0.0,0.0,20.0,50.0,100.0,100.0,150.0
피씨엘,,,,0.0,0.0,0.0,0.0,0.0
피앤씨테크,,,,0.0,0.0,0.0,0.0,0.0
피에스엠씨,0.0,0.0,0.0,0.0,0.0,0.0,0.0,0.0
피에스케이,,,,,,,300.0,300.0
피에스케이홀딩스,,,,,,,,
피에스텍,,,,,,,,
피에이치씨,,,,,,,,
피에이치에이,140.0,140.0,140.0,150.0,160.0,160.0,180.0,180.0
피엔에이치테크,0.0,0.0,0.0,0.0,0.0,0.0,0.0,0.0
피엔케이피부임상연구센타,,,,,,,0.0,0.0
피엔티,,,,,,,,
피제이메탈,75.0,90.0,100.0,90.0,100.0,100.0,100.0,120.0
피제이전자,200.0,200.0,220.0,242.0,270.0,185.0,140.0,100.0
피플바이오,,,,,,,0.0,0.0
피피아이,,,,0.0,0.0,0.0,0.0,0.0
픽셀플러스,300.0,150.0,100.0,100.0,100.0,100.0,0.0,0.0
필옵틱스,,,,0.0,300.0,0.0,0.0,50.0
핌스,,,,,,,0.0,0.0
핑거,,,,,,,0.0,0.0
하나금융14호스팩,,,,,,,0.0,0.0
하나금융15호스팩,,,,,,,0.0,0.0
하나금융16호스팩,,,,,,,0.0,0.0
하나금융17호스팩,,,,,,,0.0,0.0
하나금융19호스팩,,,,,,,,
하나금융지주,400.0,600.0,650.0,1050.0,1550.0,1900.0,2100.0,1850.0
하나기술,,,,,,,,
하나마이크론,0.0,100.0,50.0,0.0,0.0,60.0,50.0,0.0
하나머스트7호스팩,,,,,,,0.0,0.0
하나머티리얼즈,,,,0.0,125.0,250.0,200.0,300.0
하나제약,,,,105.0,248.0,280.0,460.0,510.0
하나투어,1100.0,1300.0,1500.0,1500.0,1500.0,1300.0,1000.0,0.0
하림,0.0,0.0,0.0,50.0,0.0,0.0,0.0,0.0
하림지주,,,,0.0,180.0,100.0,50.0,50.0
하이골드12호,302.0,349.0,380.0,637.0,0.0,407.0,567.0,0.0
하이골드3호,350.0,388.0,412.0,213.0,0.0,355.0,56.0,0.0
하이로닉,25.0,0.0,70.0,10.0,3.0,3.0,56.0,49.0
하이록코리아,350.0,400.0,400.0,400.0,400.0,500.0,500.0,500.0
하이브,,,,,,,0.0,0.0
하이비젼시스템,,,,,,,,
하이소닉,0.0,0.0,0.0,0.0,0.0,0.0,0.0,0.0
하이스틸,100.0,150.0,0.0,150.0,350.0,0.0,100.0,100.0
하이제5호스팩,,,,,,,0.0,0.0
하이제6호스팩,,,,,,,,
하이즈항공,0.0,0.0,0.0,0.0,0.0,31.0,61.0,0.0
하이텍팜,250.0,250.0,150.0,150.0,100.0,50.0,50.0,50.0
하이트론,,,,,,,,
하이트진로,1100.0,1000.0,1000.0,900.0,800.0,800.0,700.0,750.0
하이트진로홀딩스,350.0,450.0,200.0,200.0,150.0,200.0,350.0,400.0
하츠,30.0,30.0,30.0,50.0,50.0,30.0,30.0,80.0
한국9호스팩,,,,,,,0.0,0.0
한국ANKOR유전,,,,,,,,
한국가구,200.0,750.0,850.0,950.0,1050.0,575.0,115.0,135.0
한국가스공사,0.0,250.0,170.0,0.0,0.0,1360.0,380.0,0.0
한국경제TV,40.0,50.0,60.0,80.0,70.0,100.0,90.0,130.0
한국공항,500.0,500.0,500.0,500.0,500.0,1000.0,1000.0,0.0
한국금융지주,200.0,700.0,1000.0,800.0,1600.0,1800.0,2900.0,3000.0
한국기업평가,1778.0,1682.0,1537.0,1947.0,2250.0,2360.0,8618.0,2907.0
한국내화,50.0,50.0,50.0,25.0,25.0,35.0,35.0,35.0
한국단자,,,,,,,,
한국맥널티,0.0,0.0,100.0,130.0,50.0,0.0,0.0,0.0
한국바이오젠,,,,,,,50.0,75.0
한국비엔씨,0.0,0.0,0.0,0.0,0.0,0.0,,
한국석유,,,,,,,,
한국선재,0.0,100.0,100.0,100.0,100.0,0.0,0.0,0.0
한국수출포장,,,,,,,,
한국쉘석유,20000.0,19000.0,20000.0,19000.0,17000.0,19000.0,16000.0,14000.0
한국알콜,0.0,50.0,50.0,50.0,50.0,50.0,100.0,100.0
한국앤컴퍼니,300.0,300.0,300.0,300.0,300.0,300.0,350.0,500.0
한국유니온제약,,,,0.0,0.0,0.0,0.0,0.0
한국자산신탁,,,,200.0,200.0,200.0,200.0,220.0
한국전력,,,,,,,,
한국전자금융,50.0,55.0,70.0,80.0,110.0,110.0,110.0,110.0
한국전자인증,38.0,39.0,42.0,46.0,46.0,46.0,46.0,61.0
한국전자홀딩스,0.0,0.0,0.0,0.0,20.0,15.0,0.0,0.0
한국정밀기계,0.0,0.0,0.0,0.0,0.0,0.0,0.0,0.0
한국정보공학,0.0,0.0,0.0,0.0,0.0,0.0,0.0,0.0
한국정보인증,30.0,30.0,35.0,50.0,50.0,80.0,100.0,100.0
한국정보통신,0.0,0.0,0.0,0.0,0.0,0.0,0.0,0.0
한국제8호스팩,,,,0.0,0.0,0.0,0.0,0.0
한국조선해양,2000.0,0.0,0.0,0.0,0.0,0.0,0.0,0.0
한국종합기술,100.0,100.0,100.0,100.0,100.0,100.0,100.0,100.0
한국주강,0.0,0.0,0.0,0.0,0.0,0.0,0.0,0.0
한국주철관,,,,,,,,
한국철강,900.0,900.0,900.0,180.0,180.0,200.0,200.0,200.0
한국카본,100.0,120.0,130.0,130.0,100.0,100.0,120.0,180.0
한국캐피탈,25.0,20.0,26.0,20.0,13.0,20.0,25.0,25.0
한국컴퓨터,130.0,120.0,130.0,130.0,120.0,100.0,130.0,150.0
한국코퍼레이션,0.0,0.0,0.0,0.0,0.0,0.0,0.0,0.0
한국콜마,105.0,160.0,200.0,250.0,300.0,330.0,330.0,345.0
한국콜마홀딩스,65.0,100.0,125.0,155.0,185.0,195.0,195.0,205.0
한국큐빅,50.0,50.0,50.0,25.0,15.0,15.0,25.0,50.0
한국타이어앤테크놀로지,400.0,400.0,400.0,400.0,400.0,450.0,550.0,650.0
한국테크놀로지,0.0,0.0,0.0,0.0,0.0,0.0,0.0,0.0
한국토지신탁,30.0,40.0,60.0,75.0,100.0,110.0,80.0,90.0
한국특강,300.0,250.0,0.0,0.0,0.0,0.0,0.0,0.0
한국파마,,,,,,,50.0,50.0
한국패러랠,,,,,,,,
한국팩키지,0.0,15.0,20.0,30.0,30.0,30.0,35.0,35.0
한국프랜지,,,,,,,,
한국항공우주,200.0,250.0,400.0,680.0,0.0,200.0,400.0,200.0
한국화장품,0.0,0.0,0.0,0.0,0.0,0.0,0.0,0.0
한국화장품제조,0.0,0.0,0.0,100.0,100.0,100.0,100.0,0.0
한글과컴퓨터,200.0,260.0,400.0,200.0,300.0,200.0,0.0,0.0
한네트,110.0,120.0,120.0,120.0,100.0,100.0,100.0,100.0
한농화성,80.0,90.0,100.0,110.0,140.0,120.0,150.0,180.0
한독,,,,,,,,
한독크린텍,,,,,,,200.0,300.0
한라,,,,,,,,
한라IMS,0.0,50.0,100.0,60.0,60.0,100.0,100.0,100.0
한라홀딩스,1200.0,500.0,1200.0,1250.0,1350.0,2000.0,2000.0,2000.0
한미글로벌,,,,,,,,
한미반도체,500.0,500.0,500.0,500.0,240.0,250.0,100.0,400.0
한미사이언스,0.0,0.0,500.0,0.0,200.0,200.0,200.0,200.0
한미약품,0.0,0.0,2000.0,0.0,500.0,500.0,500.0,500.0
한빛소프트,0.0,0.0,0.0,0.0,0.0,0.0,0.0,0.0
한샘,700.0,850.0,1000.0,1100.0,1200.0,1200.0,1200.0,1300.0
한섬,300.0,300.0,300.0,300.0,350.0,400.0,450.0,450.0
한성기업,,,,,,,,
한세실업,150.0,200.0,250.0,330.0,450.0,450.0,500.0,500.0
한세엠케이,150.0,150.0,200.0,200.0,200.0,200.0,0.0,0.0
한세예스24홀딩스,80.0,100.0,120.0,160.0,220.0,220.0,250.0,250.0
한솔PNS,,,,,,,,
한솔로지스틱스,20.0,20.0,20.0,20.0,30.0,30.0,40.0,50.0
한솔인티큐브,30.0,30.0,30.0,0.0,0.0,0.0,0.0,30.0
한솔제지,0.0,0.0,500.0,700.0,600.0,600.0,600.0,700.0
한솔케미칼,500.0,600.0,800.0,1000.0,1000.0,1200.0,1500.0,1800.0
한솔테크닉스,0.0,0.0,0.0,0.0,0.0,0.0,0.0,0.0
한솔홀딩스,300.0,0.0,0.0,0.0,50.0,0.0,0.0,120.0
한솔홈데코,0.0,0.0,0.0,0.0,20.0,20.0,0.0,0.0
한송네오텍,,,,,,,,
한스바이오메드,100.0,100.0,100.0,100.0,100.0,100.0,120.0,0.0
한신공영,100.0,0.0,0.0,250.0,375.0,375.0,350.0,400.0
한신기계,,,,,,,,
한양디지텍,0.0,0.0,0.0,0.0,0.0,0.0,0.0,0.0
한양이엔지,120.0,150.0,200.0,250.0,300.0,400.0,450.0,500.0
한양증권,250.0,350.0,400.0,350.0,350.0,250.0,350.0,750.0
한온시스템,194.0,194.0,194.0,225.0,305.0,320.0,320.0,320.0
한올바이오파마,0.0,0.0,0.0,0.0,0.0,0.0,0.0,0.0
한익스프레스,0.0,500.0,700.0,70.0,80.0,60.0,70.0,0.0
한일네트웍스,0.0,0.0,0.0,0.0,70.0,200.0,230.0,240.0
한일단조,0.0,50.0,100.0,50.0,0.0,0.0,0.0,0.0
한일사료,25.0,25.0,25.0,25.0,25.0,25.0,25.0,25.0
한일시멘트,,,,0.0,0.0,4500.0,4700.0,5100.0
한일진공,20.0,0.0,100.0,0.0,0.0,0.0,0.0,0.0
한일철강,,,,,,,,
한일현대시멘트,0.0,0.0,0.0,0.0,0.0,800.0,1000.0,1100.0
한일홀딩스,1400.0,1500.0,1500.0,,,,2300.0,510.0
한일화학,150.0,150.0,120.0,150.0,150.0,150.0,150.0,50.0
한전KPS,1520.0,1670.0,1690.0,680.0,1470.0,1790.0,1920.0,1146.0
한전기술,406.0,575.0,200.0,110.0,220.0,140.0,310.0,282.0
한전산업,198.0,134.0,169.0,218.0,198.0,169.0,227.0,208.0
한주케미칼앤홀딩스,0.0,0.0,0.0,0.0,0.0,0.0,0.0,0.0
한진,,,,,,,,
한진중공업,0.0,0.0,0.0,0.0,0.0,0.0,0.0,0.0
한진중공업홀딩스,250.0,200.0,0.0,0.0,0.0,0.0,0.0,0.0
한진칼,,,,0.0,125.0,300.0,255.0,0.0
한창,,,,,,,,
한창산업,,,,,,,,
한창제지,0.0,0.0,0.0,0.0,20.0,20.0,20.0,20.0
한컴MDS,260.0,270.0,280.0,280.0,200.0,250.0,0.0,0.0
한컴라이프케어,,,,,,,,
한컴위드,0.0,0.0,0.0,0.0,0.0,0.0,0.0,0.0
한탑,,,,,,,,
한프,0.0,0.0,0.0,0.0,0.0,0.0,0.0,0.0
한화,400.0,500.0,500.0,600.0,600.0,700.0,700.0,700.0
한화생명,130.0,180.0,180.0,80.0,140.0,100.0,30.0,30.0
한화손해보험,0.0,0.0,70.0,100.0,150.0,130.0,0.0,0.0
한화솔루션,150.0,150.0,150.0,350.0,350.0,200.0,200.0,0.0
한화시스템,,,,,,,310.0,230.0
한화에스비아이스팩,,,,,,,0.0,0.0
한화에어로스페이스,500.0,0.0,300.0,0.0,0.0,0.0,0.0,600.0
한화투자증권,,,,,,,,
한화플러스제1호스팩,,,,,,,0.0,0.0
한화플러스제2호스팩,,,,,,,,
해성디에스,,,,250.0,300.0,300.0,350.0,450.0
해성산업,,,,,,,,
해성옵틱스,0.0,0.0,100.0,0.0,0.0,0.0,0.0,0.0
해성티피씨,,,,,,,,
해태제과식품,0.0,0.0,0.0,150.0,150.0,150.0,150.0,200.0
핸디소프트,,,,,,,,
핸즈코퍼레이션,,,,180.0,100.0,100.0,130.0,0.0
헝셩그룹,,,,52.0,30.0,0.0,0.0,0.0
헬릭스미스,0.0,0.0,0.0,0.0,0.0,0.0,0.0,0.0
현대건설,500.0,500.0,500.0,500.0,500.0,500.0,600.0,600.0
현대건설기계,,,,0.0,0.0,850.0,0.0,0.0
현대공업,80.0,90.0,66.0,92.0,37.0,66.0,66.0,132.0
현대그린푸드,50.0,60.0,60.0,60.0,80.0,210.0,210.0,210.0
현대글로비스,1500.0,2000.0,3000.0,3000.0,3000.0,3300.0,3500.0,3500.0
현대두산인프라코어,0.0,0.0,0.0,0.0,0.0,0.0,0.0,0.0
현대로템,125.0,0.0,0.0,0.0,0.0,0.0,0.0,0.0
현대리바트,,,,,,,,
현대모비스,1950.0,3000.0,3500.0,3500.0,3500.0,4000.0,4000.0,4000.0
현대무벡스,,,,,,,,
현대미포조선,800.0,0.0,0.0,0.0,0.0,700.0,350.0,0.0
현대바이오,0.0,0.0,0.0,0.0,0.0,0.0,0.0,0.0
현대바이오랜드,200.0,250.0,250.0,250.0,250.0,300.0,350.0,100.0
현대백화점,650.0,700.0,700.0,700.0,800.0,900.0,1000.0,1000.0
현대비앤지스틸,0.0,100.0,0.0,100.0,100.0,100.0,100.0,100.0
현대사료,,,,300.0,300.0,100.0,100.0,100.0
현대약품,42.0,45.0,47.0,47.0,50.0,45.0,45.0,42.0
현대에너지솔루션,,,,,,,0.0,200.0
현대에버다임,190.0,150.0,100.0,110.0,110.0,110.0,40.0,20.0
현대에이치티,0.0,70.0,100.0,130.0,200.0,300.0,300.0,350.0
현대엘리베이,,,,,,,,
현대오토에버,,,,6900.0,6900.0,690.0,710.0,750.0
현대위아,500.0,800.0,1100.0,1100.0,600.0,600.0,700.0,700.0
현대이지웰,50.0,75.0,75.0,40.0,60.0,60.0,90.0,55.0
현대일렉트릭,,,,0.0,0.0,0.0,0.0,0.0
현대제철,500.0,750.0,750.0,750.0,750.0,750.0,750.0,500.0
현대중공업,,,,,,,0.0,0.0
현대중공업지주,,,,0.0,0.0,18500.0,18500.0,18500.0
현대차,,,,,,,,
현대차증권,0.0,150.0,450.0,400.0,400.0,450.0,600.0,675.0
현대코퍼레이션,,,,,,,,
현대코퍼레이션홀딩스,0.0,0.0,200.0,400.0,500.0,500.0,500.0,500.0
현대퓨처넷,40.0,40.0,40.0,40.0,50.0,60.0,60.0,80.0
현대해상,550.0,750.0,750.0,1350.0,1500.0,1130.0,880.0,1000.0
현대홈쇼핑,1100.0,1300.0,1500.0,1500.0,1700.0,1900.0,2000.0,2200.0
현우산업,30.0,30.0,60.0,80.0,100.0,100.0,100.0,100.0
현진소재,50.0,0.0,0.0,0.0,0.0,0.0,0.0,0.0
협진,175.0,175.0,60.0,0.0,0.0,0.0,0.0,0.0
형지I&C,0.0,15.0,15.0,0.0,0.0,0.0,0.0,0.0
형지엘리트,,,,0.0,0.0,0.0,0.0,0.0
혜인,50.0,50.0,30.0,40.0,30.0,30.0,60.0,120.0
호전실업,,,,0.0,150.0,250.0,250.0,200.0
호텔신라,150.0,350.0,350.0,350.0,350.0,350.0,350.0,200.0
홈센타홀딩스,0.0,0.0,50.0,50.0,50.0,0.0,0.0,0.0
홈캐스트,0.0,0.0,0.0,0.0,0.0,0.0,0.0,0.0
화성밸브,,,,50.0,0.0,0.0,0.0,0.0
화성산업,,,,,,,,
화승알앤에이,,,,,,,,
화승엔터프라이즈,,,,35.0,35.0,35.0,45.0,45.0
화승인더,,,,,,,,
화승코퍼레이션,250.0,250.0,500.0,50.0,25.0,25.0,25.0,25.0
화신,,,,,,,,
화신정공,,,,,,,,
화인베스틸,0.0,0.0,0.0,0.0,0.0,0.0,0.0,0.0
화일약품,100.0,100.0,150.0,150.0,150.0,150.0,125.0,0.0
화천기계,1000.0,900.0,350.0,0.0,100.0,100.0,0.0,0.0
화천기공,1500.0,1500.0,1500.0,1250.0,1250.0,1250.0,1250.0,750.0
환인제약,250.0,250.0,250.0,250.0,300.0,300.0,300.0,300.0
황금에스티,50.0,50.0,25.0,75.0,100.0,50.0,100.0,0.0
효성,,,,,,,,
효성ITX,,,,,,,,
효성오앤비,,,,200.0,350.0,0.0,0.0,100.0
효성중공업,,,,0.0,0.0,0.0,0.0,0.0
효성첨단소재,,,,0.0,0.0,0.0,0.0,0.0
효성티앤씨,,,,0.0,0.0,1000.0,2000.0,5000.0
효성화학,,,,0.0,0.0,1000.0,5000.0,0.0
후성,,,,,,,,
휘닉스소재,0.0,0.0,0.0,0.0,0.0,0.0,0.0,0.0
휠라홀딩스,250.0,250.0,250.0,250.0,250.0,50.0,219.0,185.0
휴네시온,,,,150.0,0.0,50.0,35.0,40.0
휴니드,,,,,,,,
휴럼,,,,,,,0.0,0.0
휴림로봇,0.0,0.0,0.0,0.0,0.0,0.0,0.0,0.0
휴마시스,,,,,,,,
휴맥스,150.0,150.0,150.0,150.0,0.0,0.0,0.0,0.0
휴맥스홀딩스,100.0,100.0,100.0,100.0,0.0,0.0,0.0,0.0
휴먼엔,0.0,0.0,0.0,0.0,0.0,0.0,0.0,0.0
휴메딕스,0.0,0.0,300.0,500.0,600.0,600.0,500.0,400.0
휴비스,300.0,300.0,300.0,300.0,300.0,300.0,150.0,300.0
휴비츠,50.0,100.0,100.0,100.0,150.0,150.0,150.0,100.0
휴센텍,0.0,0.0,0.0,0.0,0.0,0.0,0.0,0.0
휴스틸,700.0,700.0,400.0,500.0,500.0,400.0,300.0,200.0
휴온스,,,,0.0,600.0,800.0,700.0,600.0
휴온스글로벌,200.0,400.0,550.0,400.0,500.0,500.0,400.0,400.0
휴온스블러썸,,,,0.0,0.0,0.0,0.0,0.0
휴젤,0.0,0.0,0.0,0.0,0.0,0.0,0.0,0.0
휴켐스,750.0,550.0,500.0,500.0,1500.0,1200.0,1000.0,1000.0
흥구석유,30.0,50.0,80.0,100.0,100.0,120.0,150.0,150.0
흥국,,,,,,,,
흥국에프엔비,100.0,200.0,200.0,100.0,50.0,100.0,30.0,20.0
흥국화재,0.0,0.0,0.0,0.0,0.0,0.0,0.0,0.0
흥아해운,9.0,9.0,7.0,5.0,0.0,0.0,0.0,0.0
희림,0.0,0.0,0.0,0.0,0.0,0.0,0.0,0.0
힘스,,,,0.0,200.0,0.0,200.0,150.0
