결산월,사업연도,제출마감일
1,2013,2013-05-02
1,2014,2014-05-02
1,2015,2015-05-02
1,2016,2016-05-01
1,2017,2017-05-02
1,2018,2018-05-02
1,2019,2019-05-02
1,2020,2020-05-01
2,2013,2013-05-30
2,2014,2014-05-30
2,2015,2015-05-30
2,2016,2016-05-30
2,2017,2017-05-30
2,2018,2018-05-30
2,2019,2019-05-30
2,2020,2020-05-30
3,2013,2013-06-30
3,2014,2014-06-30
3,2015,2015-06-30
3,2016,2016-06-30
3,2017,2017-06-30
3,2018,2018-06-30
3,2019,2019-06-30
3,2020,2020-06-30
4,2013,2013-07-30
4,2014,2014-07-30
4,2015,2015-07-30
4,2016,2016-07-30
4,2017,2017-07-30
4,2018,2018-07-30
4,2019,2019-07-30
4,2020,2020-07-30
5,2013,2013-08-30
5,2014,2014-08-30
5,2015,2015-08-30
5,2016,2016-08-30
5,2017,2017-08-30
5,2018,2018-08-30
5,2019,2019-08-30
5,2020,2020-08-30
6,2013,2013-09-29
6,2014,2014-09-29
6,2015,2015-09-29
6,2016,2016-09-29
6,2017,2017-09-29
6,2018,2018-09-29
6,2019,2019-09-29
6,2020,2020-09-29
7,2013,2013-10-30
7,2014,2014-10-30
7,2015,2015-10-30
7,2016,2016-10-30
7,2017,2017-10-30
7,2018,2018-10-30
7,2019,2019-10-30
7,2020,2020-10-30
8,2013,2013-11-30
8,2014,2014-11-30
8,2015,2015-11-30
8,2016,2016-11-30
8,2017,2017-11-30
8,2018,2018-11-30
8,2019,2019-11-30
8,2020,2020-11-30
9,2013,2013-12-30
9,2014,2014-12-30
9,2015,2015-12-30
9,2016,2016-12-30
9,2017,2017-12-30
9,2018,2018-12-30
9,2019,2019-12-30
9,2020,2020-12-30
10,2013,2014-01-30
10,2014,2015-01-30
10,2015,2016-01-30
10,2016,2017-01-30
10,2017,2018-01-30
10,2018,2019-01-30
10,2019,2020-01-30
10,2020,2021-01-30
11,2013,2014-03-01
11,2014,2015-03-01
11,2015,2016-02-29
11,2016,2017-03-01
11,2017,2018-03-01
11,2018,2019-03-01
11,2019,2020-02-29
11,2020,2021-03-01
12,2013,2014-04-01
12,2014,2015-04-01
12,2015,2016-03-31
12,2016,2017-04-01
12,2017,2018-04-01
12,2018,2019-04-01
12,2019,2020-03-31
12,2020,2021-04-01
