Date,Open,High,Low,Close,Volume,Change
2017-04-27,8775,9100,7625,7763,1516672,
2017-04-28,7575,8212,7550,7988,525860,0.02898364034522727
2017-05-02,8012,8612,7737,8075,285992,0.010891337005508372
2017-05-04,8000,8250,7887,8013,84844,-0.007678018575851375
2017-05-08,8000,8262,7950,8100,91544,0.010857356795207718
2017-05-10,8100,8562,7950,8375,107535,0.033950617283950546
2017-05-11,8487,8762,8250,8688,123169,0.037373134328358315
2017-05-12,8562,8675,8412,8613,92739,-0.008632596685082872
2017-05-15,8700,8700,8462,8463,36989,-0.017415534656913922
2017-05-16,8462,8500,8100,8413,53357,-0.005908070424199496
2017-05-17,8437,8437,8125,8213,45996,-0.023772732675621078
2017-05-18,8000,8362,7925,8313,42687,0.01217581882381591
2017-05-19,8237,8762,8237,8438,42214,0.015036689522434754
2017-05-22,8725,8725,8262,8375,20727,-0.007466224223749651
2017-05-23,8337,8525,8175,8175,18187,-0.023880597014925398
2017-05-24,8100,8362,8000,8338,62203,0.019938837920489227
2017-05-25,8275,8575,8150,8338,38745,0.0
2017-05-26,8337,8437,8200,8213,18140,-0.01499160470136729
2017-05-29,7975,9587,7962,9288,481903,0.13089005235602102
2017-05-30,9237,9900,9175,9563,230661,0.029608096468561662
2017-05-31,9612,10237,9462,9975,231621,0.04308271462930047
2017-06-01,9950,10500,9875,10150,116906,0.01754385964912286
2017-06-02,10125,10125,9737,9975,62610,-0.017241379310344862
2017-06-05,10075,10075,9612,9700,43134,-0.027568922305764465
2017-06-07,9700,10575,9700,10525,152194,0.0850515463917525
2017-06-08,10675,10675,10237,10338,65347,-0.017767220902612846
2017-06-09,10500,10675,10200,10550,87858,0.020506867866124878
2017-06-12,10325,10475,10025,10075,77800,-0.04502369668246442
2017-06-13,10000,10200,9950,10063,52393,-0.0011910669975185861
2017-06-14,10062,10250,9737,9925,41594,-0.013713604292954429
2017-06-15,9775,9875,9400,9800,72805,-0.012594458438287104
2017-06-16,9750,9975,9550,9938,24281,0.014081632653061282
2017-06-19,10212,10875,9937,10775,169567,0.0842221775005032
2017-06-20,10800,11062,10500,10563,99842,-0.01967517401392116
2017-06-21,10575,10750,10187,10563,26629,0.0
2017-06-22,10662,10825,10125,10138,47809,-0.04023478178547757
2017-06-23,10237,10750,10112,10688,77630,0.05425133162359441
2017-06-26,10825,11150,10500,10625,84763,-0.005894461077844304
2017-06-27,10375,10900,10250,10813,148499,0.01769411764705886
2017-06-28,10700,10912,10500,10650,115991,-0.015074447424396564
2017-06-29,10675,10700,10362,10650,55850,0.0
2017-06-30,10450,10637,10350,10475,61378,-0.016431924882629123
2017-07-03,10587,10587,10075,10200,52238,-0.026252983293556076
2017-07-04,10075,10287,9925,10000,39409,-0.019607843137254943
2017-07-05,9925,10337,9925,10300,20806,0.030000000000000027
2017-07-06,10337,10437,10187,10300,20867,0.0
2017-07-07,10187,10237,10012,10050,35511,-0.024271844660194164
2017-07-10,10025,10437,9900,10438,31180,0.038606965174129426
2017-07-11,10525,11250,10500,11200,161832,0.07300249089863953
2017-07-12,11300,11825,11125,11463,110756,0.023482142857142785
2017-07-13,11625,11724,11275,11550,55120,0.007589636220884488
2017-07-14,11599,12375,11599,12013,63088,0.04008658008658017
2017-07-17,12012,12362,11675,12213,42636,0.016648630650129004
2017-07-18,12287,12725,12086,12225,74647,0.0009825595676737908
2017-07-19,12275,12275,11712,11788,79036,-0.035746421267893624
2017-07-20,11825,12162,11700,11950,50893,0.013742789277231049
2017-07-21,12062,12462,11812,12213,42235,0.022008368200836737
2017-07-24,12150,12674,12125,12488,48694,0.02251699009252439
2017-07-25,12625,12625,12050,12125,30083,-0.02906790518898139
2017-07-26,12225,12237,11437,11788,79333,-0.027793814432989672
2017-07-27,11787,11925,11575,11700,21249,-0.0074652188666440855
2017-07-28,11525,11525,10200,10363,257018,-0.11427350427350424
2017-07-31,10400,10650,10125,10513,86066,0.01447457300009658
2017-08-01,10400,10612,10200,10325,50442,-0.017882621516218
2017-08-02,10512,11112,10500,10950,118114,0.060532687651331685
2017-08-03,10937,10937,10150,10288,82492,-0.06045662100456617
2017-08-04,10200,10500,9912,10288,57665,0.0
2017-08-07,10412,10825,10400,10625,43410,0.03275660964230176
2017-08-08,10625,10825,10512,10825,22844,0.018823529411764683
2017-08-09,10750,10750,10550,10550,19648,-0.025404157043879882
2017-08-10,10550,10687,10125,10525,47089,-0.0023696682464454666
2017-08-11,10362,10475,10112,10425,35460,-0.009501187648456089
2017-08-14,10475,10750,10350,10363,26257,-0.005947242206234993
2017-08-16,10625,10800,10375,10425,48879,0.005982823506706536
2017-08-17,10462,10800,10450,10725,25017,0.02877697841726623
2017-08-18,10612,10900,10525,10738,35456,0.00121212121212122
2017-08-21,10887,10887,10662,10763,19202,0.002328180294282056
2017-08-22,10725,10912,10637,10638,26776,-0.01161386230604855
2017-08-23,10687,10900,10437,10500,25646,-0.012972363226170347
2017-08-24,10487,10762,10225,10725,54869,0.021428571428571352
2017-08-25,10725,11112,10550,11075,41322,0.03263403263403264
2017-08-28,11037,11112,10825,10900,25365,-0.015801354401805856
2017-08-29,10887,11062,10662,11063,29535,0.01495412844036692
2017-08-30,11100,11675,11075,11625,58165,0.05079996384344221
2017-08-31,11750,12125,11549,12125,46858,0.043010752688172005
2017-09-01,12237,12237,11787,12050,45273,-0.006185567010309256
2017-09-04,11524,12049,11524,11675,31982,-0.03112033195020747
2017-09-05,11687,11787,11262,11350,35421,-0.027837259100642386
2017-09-06,11350,11587,11200,11550,15565,0.017621145374449254
2017-09-07,11500,11937,11375,11638,16137,0.007619047619047636
2017-09-08,11637,12237,11600,11988,26629,0.030073895858394817
2017-09-11,12175,12175,11712,11975,32060,-0.0010844177510843656
2017-09-12,11975,12549,11875,12063,39719,0.007348643006263034
2017-09-13,12112,12250,12000,12050,18820,-0.001077675536765299
2017-09-14,12137,12150,11625,11800,16462,-0.020746887966805017
2017-09-15,11649,12000,11649,11875,13173,0.006355932203389925
2017-09-18,11875,12012,11837,11888,20496,0.0010947368421052595
2017-09-19,11837,11900,11400,11638,21094,-0.021029609690444095
2017-09-20,11637,11825,11475,11550,7644,-0.007561436672967825
2017-09-21,11849,11849,11362,11438,18492,-0.009696969696969648
2017-09-22,11525,11612,11062,11138,18184,-0.02622836160167863
2017-09-25,11012,11537,10662,10813,17385,-0.02917938588615554
2017-09-26,10575,11000,10575,10938,8224,0.011560159067788733
2017-09-27,10937,11112,10750,11000,15428,0.005668312305723067
2017-09-28,11125,11125,10650,10700,11525,-0.027272727272727226
2017-09-29,10700,10875,10662,10875,14058,0.016355140186915973
2017-10-10,10762,10937,10587,10625,14923,-0.02298850574712641
2017-10-11,10875,11250,10625,10888,12938,0.024752941176470644
2017-10-12,10925,11337,10887,11100,27589,0.01947097722263047
2017-10-13,11175,11250,10862,10950,17288,-0.013513513513513487
2017-10-16,11075,11175,10425,10475,18199,-0.04337899543378998
2017-10-17,10375,10587,10137,10350,27757,-0.011933174224343701
2017-10-18,10400,10400,10062,10363,14047,0.0012560386473430274
2017-10-19,10350,10462,10175,10438,7389,0.00723728650004829
2017-10-20,10437,10437,10275,10400,4290,-0.0036405441655489312
2017-10-23,10300,10375,10050,10238,26038,-0.015576923076923044
2017-10-24,10237,10350,10175,10313,9344,0.00732564954092596
2017-10-25,10375,10637,10250,10575,19555,0.025404828856782746
2017-10-26,10500,10900,10175,10325,27009,-0.023640661938534313
2017-10-27,10325,10550,10000,10300,44520,-0.002421307506053294
2017-10-30,10200,10537,10150,10225,7856,-0.007281553398058249
2017-10-31,10375,10375,10225,10275,6299,0.004889975550122161
2017-11-01,10275,10412,10275,10275,19309,0.0
2017-11-02,10275,10412,10025,10275,16810,0.0
2017-11-03,10400,10500,10125,10338,13306,0.006131386861313759
2017-11-06,10200,10400,10100,10225,9378,-0.01093054749467981
2017-11-07,10162,10600,10162,10500,22942,0.02689486552567244
2017-11-08,10500,11200,10500,10963,67629,0.04409523809523819
2017-11-09,11100,11400,11025,11350,27603,0.03530055641703922
2017-11-10,11350,11550,11300,11350,27287,0.0
2017-11-13,11550,11775,11275,11775,33140,0.037444933920704804
2017-11-14,11787,11787,11550,11700,23800,-0.006369426751592355
2017-11-15,11762,12325,11625,12238,120697,0.045982905982906
2017-11-16,12325,15450,12275,14850,267847,0.21343356757640142
2017-11-17,14925,16000,14425,14925,94974,0.005050505050504972
2017-11-20,14925,15625,14625,14800,62160,-0.008375209380234505
2017-11-21,14875,16250,14324,16200,128462,0.09459459459459452
2017-11-22,16299,17700,16275,17425,278540,0.07561728395061729
2017-11-23,17375,17850,17050,17850,43691,0.024390243902439046
2017-11-24,17725,21500,17525,19250,60331,0.07843137254901955
2017-11-27,19975,19975,18325,19225,54975,-0.0012987012987012436
2017-11-28,18750,19600,17625,18500,99299,-0.03771131339401823
2017-11-29,18850,19700,18575,19500,67172,0.054054054054053946
2017-11-30,19000,19525,18400,18400,53379,-0.05641025641025643
2017-12-01,18700,18975,17825,18250,59150,-0.008152173913043459
2017-12-04,18250,19200,16750,18750,145358,0.027397260273972712
2017-12-05,18775,19400,18100,19000,46526,0.01333333333333342
2017-12-06,19075,19800,18750,19250,58261,0.013157894736842035
2017-12-07,19275,19375,18025,19025,68352,-0.011688311688311637
2017-12-08,19075,20000,18325,19025,88067,0.0
2017-12-11,19175,19750,18800,19300,57933,0.014454664914586024
2017-12-12,19825,20975,19275,20325,119672,0.05310880829015541
2017-12-13,20450,22025,20375,21075,109016,0.03690036900368998
2017-12-14,21075,21625,20550,21250,30189,0.008303677342823335
2017-12-15,20750,21075,20600,20950,47180,-0.014117647058823568
2017-12-18,20950,21325,19975,20125,48830,-0.039379474940334114
2017-12-19,20325,20450,19300,20400,56334,0.013664596273291973
2017-12-20,20650,20650,19675,19725,30592,-0.03308823529411764
2017-12-21,19525,20125,18600,18975,37331,-0.03802281368821292
2017-12-22,19000,19825,18850,19150,57619,0.00922266139657446
2017-12-26,19150,19700,19000,19050,66057,-0.005221932114882533
2017-12-27,19500,20500,18625,19750,105287,0.036745406824147064
2017-12-28,20275,20275,19200,20125,56212,0.018987341772152
2018-01-02,20125,20550,19600,19700,32602,-0.02111801242236022
2018-01-03,19775,22050,19525,21700,81089,0.10152284263959399
2018-01-04,21875,22125,20925,21150,50049,-0.025345622119815614
2018-01-05,21150,21575,20300,20625,40071,-0.024822695035460973
2018-01-08,20900,20900,19300,19800,43123,-0.040000000000000036
2018-01-09,19825,20250,19375,19800,39682,0.0
2018-01-10,19600,19675,18675,19000,48479,-0.04040404040404044
2018-01-11,19000,19175,18725,18825,15075,-0.009210526315789447
2018-01-12,18650,18775,17500,17975,67008,-0.04515272244355906
2018-01-15,18050,18350,17650,17700,38006,-0.015299026425591111
2018-01-16,17450,18725,17450,18225,46029,0.029661016949152463
2018-01-17,18275,19725,17825,19075,70946,0.04663923182441709
2018-01-18,18825,19200,18375,18375,41871,-0.03669724770642202
2018-01-19,18350,18800,16600,17025,212942,-0.07346938775510203
2018-01-22,16625,16800,14950,15975,249931,-0.06167400881057272
2018-01-23,15975,15975,15150,15375,115410,-0.03755868544600938
2018-01-24,15350,16150,15100,15650,77933,0.01788617886178856
2018-01-25,15650,16100,15225,15975,55889,0.02076677316293929
2018-01-26,15775,16050,15500,15900,41955,-0.0046948356807511304
2018-01-29,15825,16725,15775,16275,105340,0.02358490566037741
2018-01-30,16349,16775,16000,16600,84013,0.019969278033794113
2018-01-31,16600,16700,15750,16075,90639,-0.031626506024096335
2018-02-01,16750,18350,16600,17775,431568,0.1057542768273716
2018-02-02,18200,19075,17225,17600,259042,-0.009845288326300938
2018-02-05,16700,17475,16250,16275,78958,-0.07528409090909094
2018-02-06,15400,16200,15150,16050,132077,-0.01382488479262678
2018-02-07,16300,17275,15900,16325,118860,0.017133956386292892
2018-02-08,16350,17050,16300,16950,36744,0.038284839203675425
2018-02-09,16250,16675,16075,16550,40741,-0.02359882005899705
2018-02-12,16550,17550,16550,17350,61348,0.048338368580060465
2018-02-13,17600,17750,16850,17125,59079,-0.012968299711815567
2018-02-14,17075,17350,16525,17225,43920,0.005839416058394109
2018-02-19,17575,18125,17250,18100,68482,0.05079825834542806
2018-02-20,18025,18275,17825,18100,32316,0.0
2018-02-21,18100,18200,17525,17825,47642,-0.015193370165745845
2018-02-22,17825,17875,17150,17400,24140,-0.02384291725105192
2018-02-23,17400,17500,16600,16875,41894,-0.030172413793103425
2018-02-26,17000,17000,16050,16525,82301,-0.020740740740740726
2018-02-27,16575,16575,16075,16375,28517,-0.009077155824508298
2018-02-28,16175,16175,15975,16100,23468,-0.016793893129770976
2018-03-02,15600,16500,15600,16250,32483,0.009316770186335477
2018-03-05,16249,16275,15550,15700,41327,-0.03384615384615386
2018-03-06,15850,16150,15625,15650,30031,-0.0031847133757961776
2018-03-07,15550,15875,15300,15475,28275,-0.011182108626198062
2018-03-08,15425,15825,15400,15650,23233,0.011308562197092087
2018-03-09,15800,15800,15525,15625,30429,-0.0015974440894568342
2018-03-12,15900,16600,15625,16500,45519,0.05600000000000005
2018-03-13,16400,16700,16124,16700,40821,0.0121212121212122
2018-03-14,16550,18925,16299,18225,197100,0.09131736526946099
2018-03-15,18125,18375,17775,18100,63908,-0.006858710562414272
2018-03-16,18025,18525,17500,18275,62946,0.00966850828729271
2018-03-19,18275,18875,18250,18625,77827,0.019151846785225635
2018-03-20,18500,18500,17775,17950,49021,-0.03624161073825505
2018-03-21,18150,18150,17350,17500,42495,-0.02506963788300831
2018-03-22,17325,17850,16975,17125,50569,-0.021428571428571463
2018-03-23,16700,16950,16225,16500,52625,-0.03649635036496346
2018-03-26,16200,16900,15275,16750,65504,0.015151515151515138
2018-03-27,16775,17300,16000,16500,34418,-0.014925373134328401
2018-03-28,16225,16275,15799,15875,36430,-0.037878787878787845
2018-03-29,15900,16300,15600,16050,40110,0.011023622047244164
2018-03-30,16300,16500,15825,16475,30408,0.026479750778816147
2018-04-02,16500,16500,15650,15725,35489,-0.04552352048558417
2018-04-03,15500,15725,15350,15700,28670,-0.0015898251192368873
2018-04-04,15775,16125,15450,15675,49600,-0.0015923566878981443
2018-04-05,15525,15950,15325,15450,57607,-0.014354066985645897
2018-04-06,15500,15500,14950,15225,33064,-0.014563106796116498
2018-04-09,15075,15375,14950,15075,23378,-0.009852216748768461
2018-04-10,15074,15350,14674,15000,55053,-0.00497512437810943
2018-04-11,15075,16175,15075,15975,69523,0.06499999999999995
2018-04-12,16175,16725,15875,16350,50364,0.023474178403755763
2018-04-13,16675,16675,16100,16450,25437,0.006116207951070374
2018-04-16,16475,17350,16450,17250,36391,0.04863221884498481
2018-04-17,17275,18000,17225,17275,75788,0.0014492753623187582
2018-04-18,17300,18000,17300,17900,63871,0.0361794500723589
2018-04-19,17900,17925,17300,17600,49604,-0.016759776536312887
2018-04-20,17500,18950,17500,18550,218151,0.05397727272727271
2018-04-23,18700,19425,18350,18450,101579,-0.005390835579514808
2018-04-24,18300,18825,18000,18000,51476,-0.024390243902439046
2018-04-25,17800,18400,16500,17925,48982,-0.004166666666666652
2018-04-26,18250,18800,17925,18475,34504,0.030683403068340276
2018-04-27,18475,18700,17875,18325,43474,-0.008119079837618393
2018-04-30,18325,18675,17250,17900,49388,-0.023192360163710735
2018-05-02,17850,18350,17000,17825,56352,-0.0041899441340782495
2018-05-03,17800,18150,17300,17375,49253,-0.02524544179523147
2018-05-04,17425,17650,17225,17250,27124,-0.007194244604316502
2018-05-08,17250,18575,17250,17775,80310,0.0304347826086957
2018-05-09,18125,18250,17225,18150,56166,0.021097046413502074
2018-05-10,18025,18150,17650,17750,36038,-0.02203856749311295
2018-05-11,17650,17975,17475,17700,28639,-0.0028169014084507005
2018-05-14,17700,17750,16550,16550,81430,-0.06497175141242939
2018-05-15,16700,16750,16000,16175,54867,-0.0226586102719033
2018-05-16,16275,16275,15675,15850,35890,-0.020092735703245768
2018-05-17,15900,16750,15900,16425,27272,0.0362776025236593
2018-05-18,16450,16625,16175,16575,21921,0.009132420091324311
2018-05-21,16575,16675,16250,16375,22526,-0.012066365007541435
2018-05-23,16225,17250,16225,17000,159910,0.03816793893129766
2018-05-24,17200,18225,17050,18025,229198,0.06029411764705883
2018-05-25,17850,18200,17575,18050,46016,0.001386962552011095
2018-05-28,17800,18150,17250,18075,64685,0.0013850415512466352
2018-05-29,18025,18750,17450,17450,96862,-0.03457814661134162
2018-05-30,17250,17675,16850,16850,36961,-0.034383954154727836
2018-05-31,17500,17500,16575,16900,39558,0.0029673590504450953
2018-06-01,16875,17725,16750,17625,37164,0.04289940828402372
2018-06-04,17775,18100,17550,17875,45818,0.014184397163120588
2018-06-05,17850,18200,17800,18150,44256,0.01538461538461533
2018-06-07,18350,19425,17975,19250,243560,0.06060606060606055
2018-06-08,19250,19300,18500,18925,86694,-0.016883116883116833
2018-06-11,18750,18925,18125,18550,92072,-0.019815059445178362
2018-06-12,18625,19725,18625,18925,137768,0.020215633423180668
2018-06-14,18675,19425,18475,18650,64709,-0.014531043593130732
2018-06-15,18650,18850,17725,17925,84299,-0.03887399463806973
2018-06-18,17525,17750,16400,16650,142429,-0.07112970711297073
2018-06-19,16750,17225,16125,16525,65302,-0.007507507507507505
2018-06-20,16550,16750,15850,16250,93857,-0.016641452344931973
2018-06-21,16250,16500,15900,15900,69090,-0.021538461538461506
2018-06-22,15925,16075,15550,15875,51806,-0.0015723270440252124
2018-06-25,15875,16375,15175,15900,95423,0.0015748031496063408
2018-06-26,15600,15700,14949,15500,116125,-0.02515723270440251
2018-06-27,15499,15899,15300,15550,53661,0.003225806451612856
2018-06-28,15375,15750,15000,15325,61705,-0.014469453376205754
2018-06-29,15299,15500,15050,15450,41076,0.00815660685154973
2018-07-02,15450,16199,15399,15625,66934,0.01132686084142387
2018-07-03,15500,15750,14775,15575,78867,-0.0031999999999999806
2018-07-04,15400,16050,15349,15900,31520,0.020866773675762396
2018-07-05,16175,16225,15125,15375,68515,-0.03301886792452835
2018-07-06,15375,15699,14575,15250,108957,-0.008130081300813052
2018-07-09,15350,15775,15050,15675,45607,0.02786885245901649
2018-07-10,15675,16150,15625,15950,43758,0.01754385964912286
2018-07-11,15950,15950,15450,15600,15552,-0.021943573667711602
2018-07-12,15749,15749,15200,15500,33625,-0.0064102564102563875
2018-07-13,15499,16100,15300,15950,40024,0.029032258064516148
2018-07-16,15950,16050,15275,15325,50834,-0.039184952978056464
2018-07-17,15475,15475,15075,15425,23794,0.006525285481239873
2018-07-18,15575,15800,15250,15425,29827,0.0
2018-07-19,15350,15550,14800,15000,57974,-0.027552674230145846
2018-07-20,14999,15150,14275,14375,75145,-0.04166666666666663
2018-07-23,14449,14550,12275,12500,165622,-0.13043478260869568
2018-07-24,12350,13099,12350,12750,77245,0.020000000000000018
2018-07-25,12900,13050,12575,12775,50754,0.0019607843137254832
2018-07-26,12900,13375,12875,13350,31099,0.045009784735812186
2018-07-27,13500,13850,13200,13625,42210,0.020599250936329527
2018-07-30,13750,13750,13075,13300,28302,-0.023853211009174258
2018-07-31,13100,13325,12925,13325,33555,0.001879699248120259
2018-08-01,13325,13725,12999,13425,44777,0.007504690431519689
2018-08-02,13500,13625,13050,13250,18581,-0.013035381750465591
2018-08-03,13275,13825,13275,13725,31408,0.03584905660377369
2018-08-06,13750,13900,13200,13400,44787,-0.023679417122040025
2018-08-07,13400,13550,13200,13350,22653,-0.003731343283582045
2018-08-08,13350,13525,13150,13300,30259,-0.0037453183520599342
2018-08-09,13400,13425,13200,13350,12766,0.003759398496240518
2018-08-10,13175,13300,12750,12750,38953,-0.0449438202247191
2018-08-13,12650,12650,11800,11825,92695,-0.0725490196078431
2018-08-14,11700,12250,11600,11600,58974,-0.019027484143763207
2018-08-16,11324,11950,10850,11875,96657,0.0237068965517242
2018-08-17,11775,12200,11275,11400,85824,-0.040000000000000036
2018-08-20,11275,11675,10400,10525,152941,-0.07675438596491224
2018-08-21,10675,11125,10650,11075,94667,0.052256532066508266
2018-08-22,11100,12250,11100,12000,111643,0.08352144469525968
2018-08-23,12000,12449,11850,12275,63108,0.022916666666666696
2018-08-24,12275,12275,11700,12025,42463,-0.020366598778004064
2018-08-27,12000,12000,11650,11850,35107,-0.014553014553014498
2018-08-28,11750,12000,11750,11800,19734,-0.00421940928270037
2018-08-29,11750,12074,11750,11925,47793,0.010593220338983134
2018-08-30,12000,12175,11150,11475,93982,-0.037735849056603765
2018-08-31,11475,11700,11275,11525,32871,0.004357298474945592
2018-09-03,11550,11825,11250,11375,37312,-0.013015184381778733
2018-09-04,11375,11625,11350,11550,36340,0.01538461538461533
2018-09-05,11650,11899,11525,11750,39237,0.017316017316017396
2018-09-06,11625,12075,11475,12000,52878,0.02127659574468077
2018-09-07,11950,11975,10800,11250,129254,-0.0625
2018-09-10,11150,11375,10500,10775,94092,-0.04222222222222227
2018-09-11,10675,11150,10675,11125,32543,0.03248259860788871
2018-09-12,11275,11275,10575,10950,58422,-0.01573033707865168
2018-09-13,10950,11000,10175,10725,157545,-0.020547945205479423
2018-09-14,10850,11200,10775,11050,55933,0.030303030303030276
2018-09-17,11075,11125,10475,10650,50163,-0.03619909502262442
2018-09-18,10525,10975,10350,10750,53481,0.009389671361502261
2018-09-19,10875,10900,10600,10600,28623,-0.013953488372092981
2018-09-20,10575,10675,10175,10200,67724,-0.037735849056603765
2018-09-21,10275,10775,10075,10700,75018,0.0490196078431373
2018-09-27,10275,10625,10275,10575,65108,-0.011682242990654235
2018-09-28,10700,10750,10400,10575,42263,0.0
2018-10-01,10700,10725,10200,10300,51069,-0.026004728132387744
2018-10-02,10300,10450,9700,9700,77037,-0.058252427184465994
2018-10-04,9750,9900,9425,9425,39115,-0.028350515463917536
2018-10-05,9425,9575,9125,9200,42738,-0.023872679045092826
2018-10-08,9125,9475,8600,8600,64890,-0.06521739130434778
2018-10-10,8650,8800,8325,8450,104507,-0.01744186046511631
2018-10-11,8075,8475,7900,7900,74060,-0.0650887573964497
2018-10-12,7900,8275,7875,8250,42793,0.044303797468354444
2018-10-15,8200,8250,8000,8125,41467,-0.015151515151515138
2018-10-16,8125,8225,7975,8075,58378,-0.006153846153846176
2018-10-17,8150,8575,8150,8400,84540,0.04024767801857587
2018-10-18,8375,8550,8300,8350,26145,-0.005952380952380931
2018-10-19,8325,8650,8000,8575,63293,0.026946107784431073
2018-10-22,8400,9150,8400,9125,88935,0.06413994169096204
2018-10-23,9025,9225,8650,8925,55440,-0.021917808219178103
2018-10-24,9075,9675,8800,8975,189299,0.0056022408963585235
2018-10-25,8750,8875,8200,8550,102340,-0.0473537604456824
2018-10-26,8550,8700,7700,8250,88215,-0.03508771929824561
2018-10-29,8049,8575,7400,7425,83229,-0.09999999999999998
2018-10-30,7200,7875,7200,7850,87031,0.05723905723905731
2018-10-31,8125,8275,7700,8075,32522,0.02866242038216571
2018-11-01,8350,8350,8025,8200,31851,0.015479876160990669
2018-11-02,8400,8625,8175,8500,79394,0.03658536585365857
2018-11-05,8500,8600,8125,8225,24511,-0.032352941176470584
2018-11-06,8225,8449,7850,8050,51571,-0.021276595744680882
2018-11-07,8175,8175,7575,7975,50997,-0.009316770186335366
2018-11-08,8150,8275,7900,8150,45662,0.021943573667711602
2018-11-09,8250,8725,8075,8450,82604,0.036809815950920255
2018-11-12,8350,9425,8275,8975,178150,0.062130177514792884
2018-11-13,8575,8700,7925,8275,180189,-0.07799442896935938
2018-11-14,8250,8525,7975,8050,100019,-0.027190332326283984
2018-11-15,8050,8225,7800,8175,60988,0.01552795031055898
2018-11-16,8225,8575,8125,8450,61496,0.033639143730886945
2018-11-19,8425,8700,8050,8200,96654,-0.029585798816568087
2018-11-20,8050,8300,7900,8100,69084,-0.012195121951219523
2018-11-21,7950,9400,7950,8650,104079,0.06790123456790131
2018-11-22,8600,9375,8600,8975,91640,0.037572254335260125
2018-11-23,8925,9175,8750,8925,26525,-0.005571030640668551
2018-11-26,8850,9150,8800,8800,26283,-0.014005602240896309
2018-11-27,8850,9250,8700,8800,35884,0.0
2018-11-28,8775,9000,8775,8950,23835,0.017045454545454586
2018-11-29,9100,9250,8725,8950,24337,0.0
2018-11-30,8825,9050,8825,9025,23251,0.008379888268156499
2018-12-03,9000,9250,8900,9100,20314,0.008310249307479145
2018-12-04,9025,9200,8850,8925,17554,-0.019230769230769273
2018-12-05,8850,8975,8700,8750,14514,-0.019607843137254943
2018-12-06,8750,8825,8275,8300,28739,-0.05142857142857138
2018-12-07,8500,8500,8175,8425,8413,0.015060240963855387
2018-12-10,8250,8500,8024,8050,27634,-0.04451038575667654
2018-12-11,8050,8175,7800,7800,14985,-0.03105590062111796
2018-12-12,7725,8000,7700,7950,26975,0.019230769230769162
2018-12-13,7950,8200,7900,8000,11936,0.0062893081761006275
2018-12-14,8200,8200,7625,7675,40679,-0.04062500000000002
2018-12-17,7625,7800,7575,7675,21339,0.0
2018-12-18,7525,7675,7400,7575,32642,-0.013029315960912058
2018-12-19,7650,8000,7475,7475,58113,-0.01320132013201325
2018-12-20,7425,7600,7375,7400,30742,-0.010033444816053505
2018-12-21,7350,7650,7274,7350,31786,-0.006756756756756799
2018-12-24,7275,7425,7225,7325,28140,-0.003401360544217691
2018-12-26,7200,7600,7125,7475,31892,0.020477815699658786
2018-12-27,7650,7725,7375,7375,23999,-0.013377926421404673
2018-12-28,7500,8100,7450,7975,68138,0.08135593220338988
2019-01-02,8000,8125,7675,7700,20187,-0.03448275862068961
2019-01-03,7675,7825,7250,7400,45972,-0.038961038961038974
2019-01-04,7275,7450,7125,7375,33088,-0.0033783783783783994
2019-01-07,7475,7675,7475,7475,13052,0.013559322033898313
2019-01-08,7549,7625,7450,7475,9971,0.0
2019-01-09,7450,7900,7450,7775,53796,0.04013377926421402
2019-01-10,7775,7875,7649,7825,20524,0.006430868167202508
2019-01-11,7750,8250,7750,8125,60340,0.03833865814696491
2019-01-14,8200,8200,7725,7800,38980,-0.040000000000000036
2019-01-15,7800,8025,7800,7975,26855,0.022435897435897356
2019-01-16,8000,8275,7925,8250,40827,0.034482758620689724
2019-01-17,8350,8400,8200,8250,22012,0.0
2019-01-18,8350,8350,8075,8350,21634,0.0121212121212122
2019-01-21,8450,8450,8275,8325,16459,-0.0029940119760478723
2019-01-22,8375,8400,8100,8200,19892,-0.01501501501501501
2019-01-23,8100,8275,8100,8125,11455,-0.009146341463414642
2019-01-24,8500,9050,8325,8700,210181,0.0707692307692307
2019-01-25,8750,9275,8750,9050,110157,0.04022988505747116
2019-01-28,9150,9175,8900,8925,53609,-0.013812154696132617
2019-01-29,8800,9200,8700,9150,40656,0.025210084033613356
2019-01-30,9250,10525,9200,10000,395505,0.09289617486338808
2019-01-31,10100,10175,9775,9850,65265,-0.015000000000000013
2019-02-01,9850,10350,9825,10175,49745,0.03299492385786795
2019-02-07,10250,10575,10125,10525,61729,0.03439803439803435
2019-02-08,10525,10525,10075,10250,52393,-0.026128266033254133
2019-02-11,10150,10350,9825,10025,43342,-0.02195121951219514
2019-02-12,10025,10225,9950,10000,33357,-0.0024937655860348684
2019-02-13,10000,10575,10000,10400,52427,0.040000000000000036
2019-02-14,10275,10450,10100,10300,26203,-0.009615384615384581
2019-02-15,10300,10300,9650,9950,66913,-0.03398058252427183
2019-02-18,10000,10300,9925,10175,50817,0.022613065326633208
2019-02-19,10375,10375,10025,10100,36153,-0.0073710073710073765
2019-02-20,10150,10475,9925,10225,70321,0.012376237623762387
2019-02-21,10225,10350,9925,10000,47694,-0.022004889975550168
2019-02-22,10000,10075,9700,9975,28535,-0.0024999999999999467
2019-02-25,10000,10150,9775,9875,56702,-0.010025062656641603
2019-02-26,9925,10075,9375,9425,83640,-0.04556962025316458
2019-02-27,9525,9550,9350,9350,53246,-0.007957559681697646
2019-02-28,9350,9575,9025,9050,53873,-0.03208556149732622
2019-03-04,9200,9325,9125,9225,39462,0.01933701657458564
2019-03-05,9225,9400,8850,8950,51454,-0.02981029810298108
2019-03-06,8950,9225,8900,9000,28033,0.005586592178770999
2019-03-07,9000,9125,8875,9000,21441,0.0
2019-03-08,9100,9100,8500,8850,58258,-0.01666666666666672
2019-03-11,8950,8950,8575,8750,30912,-0.011299435028248594
2019-03-12,8950,8950,8700,8925,49505,0.020000000000000018
2019-03-13,8950,9025,8600,8650,49445,-0.03081232492997199
2019-03-14,8750,9175,8650,9000,105564,0.040462427745664664
2019-03-15,8975,9075,8625,8825,43533,-0.019444444444444486
2019-03-18,8800,9050,8800,8925,31858,0.011331444759206777
2019-03-19,9000,9000,8575,8600,39332,-0.036414565826330514
2019-03-20,8725,8725,8250,8550,57315,-0.005813953488372103
2019-03-21,8550,8825,8500,8525,46202,-0.0029239766081871066
2019-03-22,8625,8925,8550,8600,69899,0.008797653958944274
2019-03-25,8499,8499,8025,8025,98626,-0.06686046511627908
2019-03-26,8100,8350,8050,8200,53008,0.02180685358255441
2019-03-27,8150,8350,8025,8200,34483,0.0
2019-03-28,8175,8250,8025,8025,24847,-0.021341463414634165
2019-03-29,8075,8475,7900,8350,48698,0.04049844236760114
2019-04-01,8325,8550,8325,8450,24452,0.011976047904191711
2019-04-02,8375,8550,8350,8550,20825,0.01183431952662728
2019-04-03,8550,9150,8500,9125,105816,0.067251461988304
2019-04-04,9075,9500,9025,9350,132416,0.024657534246575352
2019-04-05,9425,10000,9375,9950,187090,0.06417112299465244
2019-04-08,9950,10250,9725,9800,100259,-0.015075376884422065
2019-04-09,9750,9850,9275,9775,86742,-0.0025510204081632404
2019-04-10,9775,9775,9400,9750,38194,-0.002557544757033292
2019-04-11,9825,9875,9525,9525,45505,-0.023076923076923106
2019-04-12,9550,10100,9525,9825,66710,0.03149606299212593
2019-04-15,9875,9900,9525,9625,30282,-0.020356234096692072
2019-04-16,9625,9650,9250,9450,37294,-0.018181818181818188
2019-04-17,9550,9650,9450,9525,16801,0.007936507936507908
2019-04-18,9700,9725,9275,9350,62442,-0.018372703412073532
2019-04-19,9425,9525,9300,9500,16665,0.016042780748663166
2019-04-22,9500,9550,9175,9225,31627,-0.02894736842105261
2019-04-23,9325,9325,8900,9075,37912,-0.016260162601625994
2019-04-24,9100,9150,8700,8700,49813,-0.04132231404958675
2019-04-25,8750,8925,8600,8850,40694,0.01724137931034475
2019-04-26,8750,8900,8375,8625,43473,-0.025423728813559365
2019-04-29,8525,8875,8525,8800,26358,0.020289855072463725
2019-04-30,8875,8875,8525,8675,32100,-0.014204545454545414
2019-05-02,8700,9175,8675,9075,43217,0.04610951008645525
2019-05-03,9150,9400,9025,9350,33111,0.030303030303030276
2019-05-07,9150,9425,9075,9400,49059,0.005347593582887722
2019-05-08,9450,9450,9075,9250,35752,-0.015957446808510634
2019-05-09,9225,9250,8700,9000,45235,-0.027027027027026973
2019-05-10,9075,9175,8700,9025,33350,0.002777777777777768
2019-05-13,9025,9050,8475,8475,38874,-0.06094182825484762
2019-05-14,8350,8750,8275,8700,40245,0.026548672566371723
2019-05-15,8775,8800,8450,8550,65385,-0.017241379310344862
2019-05-16,8625,8825,8400,8425,48763,-0.014619883040935644
2019-05-17,8450,8675,8275,8300,30075,-0.014836795252225476
2019-05-20,8375,8400,8000,8025,37823,-0.033132530120481896
2019-05-21,8025,8825,8025,8725,68466,0.08722741433021808
2019-05-22,8750,8850,8575,8800,28206,0.008595988538681931
2019-05-23,8925,8925,8375,8525,21858,-0.03125
2019-05-24,8500,8575,8125,8400,28579,-0.014662756598240456
2019-05-27,8400,8500,8150,8325,36403,-0.008928571428571397
2019-05-28,8375,8400,8150,8400,27195,0.009009009009008917
2019-05-29,8250,8350,8075,8125,31727,-0.03273809523809523
2019-05-30,8150,8325,8075,8275,11914,0.01846153846153853
2019-05-31,8225,8325,8100,8225,14086,-0.0060422960725075026
2019-06-03,8225,8625,7925,8450,28908,0.02735562310030404
2019-06-04,8525,8650,8325,8450,16250,0.0
2019-06-05,8600,9375,8450,9275,121726,0.0976331360946745
2019-06-07,9225,9675,9200,9675,152218,0.043126684636118684
2019-06-10,9775,9900,9575,9900,63596,0.023255813953488413
2019-06-11,9900,10050,9750,10000,70269,0.010101010101010166
2019-06-12,9850,11125,9850,11050,347067,0.10499999999999998
2019-06-13,11025,11325,10875,11150,128074,0.009049773755656076
2019-06-14,11075,11075,10625,10900,139271,-0.022421524663677084
2019-06-17,10725,11674,10375,11650,174734,0.0688073394495412
2019-06-18,11750,12000,11300,11400,117867,-0.02145922746781115
2019-06-19,11575,12249,11350,11975,114499,0.05043859649122817
2019-06-20,11975,12625,11950,12400,92327,0.035490605427974886
2019-06-21,12425,12550,12250,12475,49873,0.006048387096774244
2019-06-24,12475,12650,12100,12425,62330,-0.004008016032064132
2019-06-25,12325,12475,11774,12250,98551,-0.014084507042253502
2019-06-26,12199,12550,12150,12425,79798,0.014285714285714235
2019-06-27,12350,13000,12300,12575,118675,0.012072434607645954
2019-06-28,12575,12950,12150,12650,99478,0.005964214711729587
2019-07-01,12650,13300,12225,12400,109101,-0.01976284584980237
2019-07-02,12400,12950,12150,12150,82716,-0.020161290322580627
2019-07-03,12075,12374,11900,12250,67174,0.008230452674897082
2019-07-04,12124,12975,11850,12275,164300,0.0020408163265306367
2019-07-05,12225,12850,12150,12675,65724,0.03258655804480659
2019-07-08,12725,13050,12175,12400,81254,-0.021696252465483234
2019-07-09,12100,12650,12100,12325,56657,-0.006048387096774244
2019-07-10,12625,12625,12150,12475,40985,0.012170385395537497
2019-07-11,12525,12675,12225,12325,40033,-0.012024048096192397
2019-07-12,12425,13050,12125,13025,100849,0.05679513184584173
2019-07-15,13050,14700,13050,14700,322493,0.1285988483685221
2019-07-16,14475,15000,13650,14450,250098,-0.017006802721088454
2019-07-17,14300,14800,14000,14225,81053,-0.01557093425605538
2019-07-18,14200,14800,13575,14100,105602,-0.008787346221441172
2019-07-19,14125,14225,13475,13900,69510,-0.014184397163120588
2019-07-22,13900,14075,13575,14075,59607,0.012589928057553879
2019-07-23,14075,14575,13900,14275,44756,0.014209591474245054
2019-07-24,14100,14475,13575,13750,51289,-0.03677758318739055
2019-07-25,13800,13975,13225,13975,50250,0.016363636363636358
2019-07-26,13975,14000,13475,13800,32613,-0.012522361359570633
2019-07-29,13525,13775,12500,13075,83342,-0.05253623188405798
2019-07-30,13074,13725,12525,13725,42661,0.0497131931166348
2019-07-31,13825,14000,13150,13625,32362,-0.007285974499089298
2019-08-01,13750,13850,13275,13275,27973,-0.025688073394495414
2019-08-02,13075,13625,12775,13250,32014,-0.0018832391713747842
2019-08-05,13175,14375,13000,13000,103800,-0.018867924528301883
2019-08-06,13000,13575,12500,12675,95097,-0.025000000000000022
2019-08-07,12850,14800,12850,14575,199815,0.14990138067061154
2019-08-08,14500,15450,14325,15425,147774,0.05831903945111483
2019-08-09,15425,15500,14825,15450,93642,0.0016207455429497752
2019-08-12,15350,15750,14925,15300,64715,-0.009708737864077666
2019-08-13,14850,15700,14850,15125,69988,-0.011437908496731986
2019-08-14,15300,15575,14850,15375,43198,0.016528925619834656
2019-08-16,15075,15525,15050,15325,16248,-0.003252032520325243
2019-08-19,15325,15350,14825,15225,26125,-0.006525285481239762
2019-08-20,15150,15475,15075,15250,26139,0.0016420361247948545
2019-08-21,15400,16650,15275,15350,101899,0.006557377049180246
2019-08-22,15600,16000,14700,16000,89776,0.04234527687296419
2019-08-23,16000,17125,15799,16075,195175,0.004687499999999956
2019-08-26,15750,16400,15500,15800,70241,-0.017107309486780742
2019-08-27,15900,16300,15700,15975,25775,0.011075949367088667
2019-08-28,15825,16125,15175,15600,48761,-0.023474178403755874
2019-08-29,15750,15750,15050,15350,26034,-0.01602564102564108
2019-08-30,15600,15600,15050,15450,26352,0.006514657980456029
2019-09-02,15425,15750,14975,15350,43376,-0.006472491909385147
2019-09-03,15400,15650,15125,15650,23006,0.019543973941368087
2019-09-04,15675,16000,15400,15900,35863,0.015974440894568787
2019-09-05,15925,16100,15175,15175,61445,-0.045597484276729605
2019-09-06,15325,15400,14975,15075,55266,-0.00658978583196046
2019-09-09,15050,15350,14975,15075,47781,0.0
2019-09-10,15074,15800,15074,15800,65349,0.04809286898839127
2019-09-11,15850,16975,15600,16475,104899,0.04272151898734178
2019-09-16,16349,16700,15900,16600,46569,0.007587253414264028
2019-09-17,16450,16625,16275,16450,15366,-0.009036144578313254
2019-09-18,16500,16675,16050,16625,26348,0.010638297872340496
2019-09-19,16625,16725,16425,16650,15238,0.0015037593984963404
2019-09-20,16650,16700,16300,16375,16301,-0.016516516516516533
2019-09-23,16375,16475,15725,15775,31147,-0.036641221374045796
2019-09-24,15875,16225,15550,15700,30656,-0.004754358161648153
2019-09-25,15700,15900,15149,15900,50970,0.01273885350318471
2019-09-26,15900,15900,14650,15000,103646,-0.05660377358490565
2019-09-27,15050,15275,14650,14675,47395,-0.021666666666666612
2019-09-30,14900,15175,14299,15150,45594,0.03236797274275971
2019-10-01,15399,15399,14700,15025,28986,-0.008250825082508295
2019-10-02,15025,15200,14775,14850,14233,-0.011647254575707144
2019-10-04,14725,15025,14600,14950,24445,0.006734006734006703
2019-10-07,14875,15099,14400,14550,45860,-0.026755852842809347
2019-10-08,14549,15125,14400,15100,42235,0.037800687285223455
2019-10-10,15100,15600,14825,15425,61468,0.021523178807947074
2019-10-11,15774,15774,14800,15000,26639,-0.027552674230145846
2019-10-14,15175,15175,14025,14075,89150,-0.06166666666666665
2019-10-15,14200,14350,13925,14225,91638,0.010657193605683846
2019-10-16,14400,15100,14250,15100,87582,0.06151142355008776
2019-10-17,15050,17575,15050,17200,354279,0.13907284768211925
2019-10-18,17350,17950,17125,17700,149722,0.029069767441860517
2019-10-21,17675,18000,17350,17875,80566,0.009887005649717562
2019-10-22,17750,19050,17750,18250,138854,0.020979020979021046
2019-10-23,18250,18250,17375,17650,59769,-0.0328767123287671
2019-10-24,17650,18450,17450,18200,83356,0.031161473087818692
2019-10-25,18400,18425,17600,18050,44870,-0.008241758241758212
2019-10-28,18350,18600,17600,17725,44386,-0.018005540166205036
2019-10-29,17750,18600,17750,18400,68945,0.038081805359661436
2019-10-30,18400,18600,17625,18375,61882,-0.0013586956521739468
2019-10-31,18400,19025,17975,18200,59828,-0.00952380952380949
2019-11-01,18250,18425,17825,18150,22058,-0.0027472527472527375
2019-11-04,18150,18150,17100,17475,65657,-0.037190082644628086
2019-11-05,17500,17500,16575,16775,54816,-0.04005722460658079
2019-11-06,16925,17100,16525,16825,44168,0.0029806259314455463
2019-11-07,16950,16950,16250,16450,39980,-0.022288261515601815
2019-11-08,16600,17075,16100,16625,36161,0.010638297872340496
2019-11-11,16475,16625,15600,15650,98586,-0.05864661654135339
2019-11-12,15875,16225,15625,15750,66268,0.006389776357827559
2019-11-13,15675,16175,15600,15600,32829,-0.00952380952380949
2019-11-14,15650,15925,15000,15025,50006,-0.03685897435897434
2019-11-15,15250,15250,14550,14800,73265,-0.014975041597337757
2019-11-18,14925,14975,14100,14775,128572,-0.0016891891891891442
2019-11-19,14800,14899,14325,14650,52776,-0.008460236886632777
2019-11-20,14725,14950,14175,14175,54661,-0.03242320819112632
2019-11-21,14175,14350,13249,13700,110465,-0.0335097001763669
2019-11-22,13800,13800,12925,13400,151453,-0.021897810218978075
2019-11-25,13575,14300,13375,14175,68551,0.057835820895522305
2019-11-26,14425,14550,14000,14350,74354,0.012345679012345734
2019-11-27,14425,14575,14075,14150,27436,-0.013937282229965153
2019-11-28,14050,14599,13950,14325,67180,0.012367491166077826
2019-11-29,14325,14400,13600,13925,55662,-0.027923211169284423
2019-12-02,14025,14175,13750,13975,25835,0.0035906642728904536
2019-12-03,13750,14050,13650,13975,37135,0.0
2019-12-04,13800,14199,13775,13975,23743,0.0
2019-12-05,14100,14200,13675,13750,33218,-0.01610017889087656
2019-12-06,13725,14200,13450,13625,62191,-0.009090909090909038
2019-12-09,13725,13975,13225,13850,37929,0.016513761467889854
2019-12-10,13725,13875,13250,13350,43797,-0.03610108303249093
2019-12-11,13375,13600,13150,13475,32119,0.009363295880149725
2019-12-12,13425,14499,13425,14450,82541,0.07235621521335811
2019-12-13,14550,15375,14475,15150,119686,0.04844290657439454
2019-12-16,14975,15300,14800,15075,33739,-0.004950495049504955
2019-12-17,15325,15500,15000,15000,49585,-0.00497512437810943
2019-12-18,15175,15475,15025,15325,49535,0.021666666666666723
2019-12-19,15225,15300,14225,14550,100764,-0.05057096247960846
2019-12-20,14725,15399,14200,15325,101601,0.053264604810996596
2019-12-23,15299,15450,14475,14650,89991,-0.0440456769983687
2019-12-24,14775,14775,13925,14000,102145,-0.04436860068259385
2019-12-26,14125,14350,13350,14150,183549,0.010714285714285676
2019-12-27,14275,15525,14199,14675,225984,0.03710247349823326
2019-12-30,14925,14925,14275,14475,60449,-0.013628620102214661
2020-01-02,14475,14650,13950,14650,84251,0.012089810017271052
2020-01-03,14650,15749,14475,15500,237789,0.058020477815699634
2020-01-06,15275,15300,14450,14475,156759,-0.06612903225806455
2020-01-07,14700,14850,14375,14475,55364,0.0
2020-01-08,14350,14574,13900,14025,78417,-0.031088082901554404
2020-01-09,14474,14675,14150,14325,86860,0.021390374331550888
2020-01-10,14400,14750,14300,14575,57322,0.017452006980802848
2020-01-13,14575,14600,14050,14175,83261,-0.027444253859348233
2020-01-14,14375,14400,14050,14125,54496,-0.003527336860670194
2020-01-15,14100,14200,13975,14100,30368,-0.001769911504424737
2020-01-16,14100,14350,13650,13775,81742,-0.023049645390070927
2020-01-17,13950,14275,13550,13800,118681,0.001814882032667775
2020-01-20,13899,13899,13450,13550,84725,-0.018115942028985477
2020-01-21,13675,13675,13249,13300,53533,-0.01845018450184499
2020-01-22,13225,13750,12600,13650,172525,0.026315789473684292
2020-01-23,13600,13975,13450,13575,69961,-0.005494505494505475
2020-01-28,12999,13200,12750,13125,91615,-0.03314917127071826
2020-01-29,13150,13925,12924,13875,88885,0.05714285714285716
2020-01-30,13500,14475,13450,13575,122257,-0.021621621621621623
2020-01-31,13550,14000,13025,13150,106820,-0.03130755064456725
2020-02-03,12800,13400,12600,13300,63804,0.011406844106463865
2020-02-04,13200,13925,13200,13925,54462,0.046992481203007586
2020-02-05,14125,14275,13650,13750,58906,-0.012567324955116699
2020-02-06,14000,14125,13775,14000,45558,0.018181818181818077
2020-02-07,14125,14299,13925,14150,49455,0.010714285714285676
2020-02-10,14200,14850,14050,14800,100407,0.04593639575971742
2020-02-11,15275,15400,14800,15150,177141,0.023648648648648685
2020-02-12,14950,15500,14924,15400,88351,0.01650165016501659
2020-02-13,15250,15675,15200,15475,75973,0.004870129870129913
2020-02-14,15475,15900,15325,15725,65446,0.016155088852988664
2020-02-17,15950,16000,15475,15875,58504,0.009538950715421324
2020-02-18,15725,16050,14950,15600,125058,-0.017322834645669305
2020-02-19,15625,15800,15299,15650,38568,0.0032051282051281937
2020-02-20,15450,15725,14900,15000,123758,-0.04153354632587858
2020-02-21,14800,15025,14450,14475,56201,-0.03500000000000003
2020-02-24,14000,14325,13750,13975,69588,-0.0345423143350605
2020-02-25,13950,14425,13700,14200,82172,0.01610017889087656
2020-02-26,13950,14425,13500,14325,59649,0.008802816901408494
2020-02-27,14350,14650,13775,13825,69489,-0.034904013961605584
2020-02-28,13525,13800,12750,12850,111182,-0.07052441229656414
2020-03-02,12850,13400,12525,13200,54639,0.027237354085603016
2020-03-03,13525,14049,13375,13700,69387,0.037878787878787845
2020-03-04,13575,14175,13575,13850,48909,0.010948905109489093
2020-03-05,14000,14125,13750,13925,47775,0.005415162454873723
2020-03-06,13650,13925,13100,13375,97810,-0.03949730700179532
2020-03-09,13150,13175,12250,12575,83489,-0.059813084112149584
2020-03-10,12000,12825,11950,12600,83320,0.001988071570576455
2020-03-11,12650,12750,11725,12000,53338,-0.04761904761904767
2020-03-12,11875,11875,10550,10925,121005,-0.08958333333333335
2020-03-13,10000,10250,8425,9450,320514,-0.13501144164759726
2020-03-16,9800,10150,8500,8600,163994,-0.08994708994709
2020-03-17,7850,8975,7850,8475,119349,-0.014534883720930258
2020-03-18,8875,8950,7875,7875,72957,-0.07079646017699115
2020-03-19,8150,8200,5900,6300,240375,-0.19999999999999996
2020-03-20,6375,7500,6375,7250,99479,0.1507936507936507
2020-03-23,6575,7400,6400,6900,113781,-0.0482758620689655
2020-03-24,7125,7925,7050,7600,118533,0.10144927536231885
2020-03-25,8100,8350,7750,8350,94319,0.09868421052631571
2020-03-26,8350,9250,8150,8500,93912,0.017964071856287456
2020-03-27,8925,9225,8250,8875,83230,0.044117647058823595
2020-03-30,8500,9050,8350,8925,63848,0.005633802816901401
2020-03-31,9300,9300,8500,8925,80081,0.0
2020-04-01,8675,9550,8650,9050,76950,0.014005602240896309
2020-04-02,8975,9250,8650,9050,51435,0.0
2020-04-03,9100,9225,8850,9225,37818,0.01933701657458564
2020-04-06,9225,9750,9150,9750,60768,0.05691056910569103
2020-04-07,10100,10500,9975,10200,57248,0.04615384615384621
2020-04-08,10000,10600,10000,10400,44299,0.019607843137254832
2020-04-09,10550,10900,10375,10725,43669,0.03125
2020-04-10,10975,10975,10000,10825,50292,0.00932400932400923
2020-04-13,10775,10775,9825,9875,58136,-0.08775981524249421
2020-04-14,9975,10450,9975,10325,28779,0.04556962025316458
2020-04-16,10125,10525,10050,10525,31991,0.01937046004842613
2020-04-17,10850,11450,10625,11400,78816,0.08313539192399055
2020-04-20,11400,11425,11125,11300,36323,-0.00877192982456143
2020-04-21,11100,11200,10025,10900,72862,-0.03539823008849563
2020-04-22,10700,10750,10350,10700,42544,-0.01834862385321101
2020-04-23,10750,11100,10450,10650,51582,-0.004672897196261627
2020-04-24,10525,10600,10175,10400,38296,-0.023474178403755874
2020-04-27,10350,10550,10200,10350,38337,-0.004807692307692291
2020-04-28,10350,10450,10100,10200,34024,-0.01449275362318836
2020-04-29,10200,10675,10125,10475,26145,0.026960784313725394
2020-05-04,10300,10375,9925,10000,47509,-0.04534606205250602
2020-05-06,10175,10175,9675,10125,40255,0.012499999999999956
2020-05-07,10100,10825,10025,10675,65954,0.05432098765432092
2020-05-08,10725,11300,10725,11175,108404,0.04683840749414525
2020-05-11,11200,11625,10650,10975,104663,-0.017897091722595126
2020-05-12,11000,11300,10400,11175,67511,0.018223234624145768
2020-05-13,10900,11150,10750,11150,26125,-0.0022371364653244186
2020-05-14,11000,11025,10625,10700,60949,-0.04035874439461884
2020-05-15,10775,11425,10675,11400,115542,0.06542056074766345
2020-05-18,11500,11700,11250,11575,80152,0.015350877192982448
2020-05-19,11825,12350,11675,12250,102345,0.05831533477321815
2020-05-20,12050,13125,12050,12850,155320,0.048979591836734615
2020-05-21,13000,13050,12675,12850,41892,0.0
2020-05-22,12625,12925,12049,12500,85395,-0.027237354085603127
2020-05-25,12700,12700,12150,12525,34700,0.0020000000000000018
2020-05-26,12550,13399,12375,13375,77695,0.06786427145708585
2020-05-27,13400,14099,13150,13850,107345,0.03551401869158877
2020-05-28,13925,14000,12825,13125,86399,-0.05234657039711188
2020-05-29,13149,13650,12549,13500,50057,0.02857142857142847
2020-06-01,13800,14600,13375,14475,147765,0.07222222222222219
2020-06-02,14375,14625,14075,14375,55262,-0.006908462867012077
2020-06-03,14400,14775,13975,14525,62391,0.01043478260869568
2020-06-04,14750,15175,14125,14425,98361,-0.0068846815834767705
2020-06-05,14550,15275,14350,15050,96807,0.0433275563258233
2020-06-08,15050,15075,14275,14875,91556,-0.011627906976744207
2020-06-09,14800,14800,14250,14275,56957,-0.04033613445378148
2020-06-10,14299,14550,13675,14150,91293,-0.008756567425569184
2020-06-11,14225,18375,14225,18375,2998935,0.29858657243816245
2020-06-12,17250,17775,16550,17000,1209517,-0.07482993197278909
2020-06-15,17700,18050,14175,14425,1098363,-0.15147058823529413
2020-06-16,15100,15400,14475,14975,424530,0.03812824956672434
2020-06-17,14549,14875,13900,14300,255976,-0.04507512520868118
2020-06-18,14350,14425,13850,14075,158312,-0.01573426573426573
2020-06-19,14125,15175,13725,14650,320900,0.04085257548845478
2020-06-22,14700,14925,14350,14375,118806,-0.018771331058020424
2020-06-23,14575,15025,14275,14550,115530,0.012173913043478368
2020-06-24,14850,16575,14650,16175,512177,0.1116838487972509
2020-06-25,15975,17250,15700,17050,359937,0.054095826893354015
2020-06-26,16975,17175,16075,16350,144095,-0.04105571847507328
2020-06-29,16175,16175,15150,15625,145467,-0.04434250764525993
2020-06-30,15675,16000,15325,15875,97778,0.016000000000000014
2020-07-01,16250,16250,15250,15350,60327,-0.03307086614173227
2020-07-02,15375,15925,15050,15875,78893,0.03420195439739415
2020-07-03,15875,16450,15675,16100,70748,0.014173228346456623
2020-07-06,16250,16825,16000,16700,112233,0.037267080745341685
2020-07-07,16850,17225,16325,17000,103453,0.017964071856287456
2020-07-08,16725,17650,16700,17175,113627,0.010294117647058787
2020-07-09,17175,17825,17175,17725,145376,0.03202328966521106
2020-07-10,17725,17725,16950,17200,103511,-0.02961918194640334
2020-07-13,17200,17550,16825,17250,68427,0.0029069767441860517
2020-07-14,17250,17250,16575,16850,87734,-0.023188405797101463
2020-07-15,17075,18425,17025,18250,312225,0.08308605341246289
2020-07-16,19025,20475,18600,19325,942706,0.05890410958904102
2020-07-17,19375,20200,19225,19525,345230,0.010349288486416475
2020-07-20,19350,19425,18850,18925,142936,-0.030729833546734975
2020-07-21,19050,19225,18500,18750,137551,-0.009247027741083214
2020-07-22,18725,18750,18075,18325,123606,-0.022666666666666613
2020-07-23,18325,19050,17800,18975,115907,0.03547066848567537
2020-07-24,18550,19375,18325,18600,138387,-0.01976284584980237
2020-07-27,18750,19600,18500,19400,151941,0.043010752688172005
2020-07-28,19750,19750,19150,19275,105615,-0.006443298969072142
2020-07-29,19200,19600,18625,19350,217478,0.0038910505836575737
2020-07-30,20800,21000,19350,19500,265209,0.007751937984496138
2020-07-31,19550,20000,18750,19400,128796,-0.00512820512820511
2020-08-03,19900,21400,19450,20750,347848,0.06958762886597936
2020-08-04,20750,21850,20500,20700,155761,-0.002409638554216831
2020-08-05,20900,21350,20050,21350,115397,0.0314009661835748
2020-08-06,21650,21650,20800,21500,102558,0.007025761124121788
2020-08-07,21400,21950,21200,21950,102220,0.020930232558139528
2020-08-10,22000,23400,21600,23400,146172,0.06605922551252852
2020-08-11,23550,24750,22650,23550,296135,0.0064102564102563875
2020-08-12,24400,24400,22550,23350,127675,-0.00849256900212314
2020-08-13,23700,23700,22500,23100,97424,-0.010706638115631661
2020-08-14,22700,23000,21600,22550,126377,-0.023809523809523836
2020-08-18,22200,23000,20100,21400,227512,-0.0509977827050998
2020-08-19,21400,21600,20700,21550,106574,0.007009345794392496
2020-08-20,20350,20800,18250,18500,678595,-0.14153132250580047
2020-08-21,18800,19450,18300,19050,384179,0.029729729729729648
2020-08-24,18600,19600,18300,19400,340651,0.018372703412073532
2020-08-25,19450,19800,19250,19750,184328,0.018041237113401998
2020-08-26,19750,19750,19000,19300,189541,-0.02278481012658229
2020-08-27,19300,19350,18800,19100,157969,-0.010362694300518172
2020-08-28,18950,19250,18300,18650,243766,-0.023560209424083767
2020-08-31,18650,19450,18650,19200,205520,0.029490616621983934
2020-09-01,19200,19650,18700,19650,125973,0.0234375
2020-09-02,19900,19900,19500,19850,118574,0.010178117048346147
2020-09-03,20050,21000,19700,20800,318332,0.04785894206549113
2020-09-04,19600,20200,19400,20000,351719,-0.038461538461538436
2020-09-07,20100,20100,19200,19550,225428,-0.022499999999999964
2020-09-08,19550,20450,19250,19850,401848,0.01534526854219953
2020-09-09,19350,19550,19100,19300,212633,-0.027707808564231717
2020-09-10,19300,22900,18950,20000,975842,0.03626943005181338
2020-09-11,19850,19900,19150,19500,218545,-0.025000000000000022
2020-09-14,19600,19750,19300,19450,165602,-0.002564102564102555
2020-09-15,19650,19650,19100,19450,164023,0.0
2020-09-16,19550,19550,18950,19300,175757,-0.007712082262210762
2020-09-17,19300,19350,18000,18600,396033,-0.03626943005181349
2020-09-18,18450,18600,17650,18400,216185,-0.010752688172043001
2020-09-21,18400,18400,16950,17450,252959,-0.05163043478260865
2020-09-22,17600,17600,16300,17200,299728,-0.014326647564469885
2020-09-23,17250,17850,16650,17750,124819,0.03197674418604657
2020-09-24,17050,17350,16450,16750,147384,-0.05633802816901412
2020-09-25,16900,17200,16150,17100,94370,0.020895522388059806
2020-09-28,17250,17800,17050,17800,61302,0.040935672514619936
2020-09-29,17800,17900,17500,17800,41929,0.0
2020-10-05,17800,18150,17450,18150,90946,0.0196629213483146
2020-10-06,18250,18250,17850,18000,60198,-0.008264462809917328
2020-10-07,17950,18750,17800,18000,115878,0.0
2020-10-08,18200,18200,17650,17850,82846,-0.008333333333333304
2020-10-12,17850,18000,17500,17500,67089,-0.019607843137254943
2020-10-13,17650,17900,16900,17250,166193,-0.014285714285714235
2020-10-14,17100,17200,16300,16650,293889,-0.034782608695652195
2020-10-15,16400,16550,15650,16300,136602,-0.02102102102102099
2020-10-16,16300,16300,15550,16200,123698,-0.006134969325153339
2020-10-19,16200,16300,15700,15800,80637,-0.024691358024691357
2020-10-20,15500,16250,15200,16250,100286,0.028481012658227778
2020-10-21,16400,16400,15750,16400,74598,0.009230769230769154
2020-10-22,16150,16200,15850,16100,58276,-0.018292682926829285
2020-10-23,15950,16050,15450,15750,101922,-0.021739130434782594
2020-10-26,15550,15700,14750,14950,125971,-0.050793650793650835
2020-10-27,14500,15250,14500,15050,121511,0.006688963210702337
2020-10-28,14950,15950,14950,15800,83724,0.04983388704318936
2020-10-29,15350,15900,15100,15700,64724,-0.006329113924050667
2020-10-30,15500,16400,15200,15400,99006,-0.019108280254777066
2020-11-02,15500,16200,15400,15900,59644,0.032467532467532534
2020-11-03,15900,16300,15900,16100,72307,0.012578616352201255
2020-11-04,16300,17500,16200,17500,256148,0.08695652173913038
2020-11-05,17400,17950,17150,17850,193717,0.020000000000000018
2020-11-06,17950,17950,17400,17600,131838,-0.014005602240896309
2020-11-09,17850,17850,17300,17750,98443,0.008522727272727293
2020-11-10,17850,18200,17550,17800,125920,0.0028169014084507005
2020-11-11,17950,18100,17500,17600,47096,-0.011235955056179803
2020-11-12,17750,17750,16900,17100,145859,-0.02840909090909094
2020-11-13,17100,18000,16800,18000,269046,0.05263157894736836
2020-11-16,17950,18000,17450,17800,293368,-0.011111111111111072
2020-11-17,17750,17750,17350,17500,124863,-0.016853932584269704
2020-11-18,17500,17600,17000,17150,142562,-0.020000000000000018
2020-11-19,17000,17200,16700,16900,156183,-0.014577259475218707
2020-11-20,17050,17400,16900,17400,101992,0.029585798816567976
2020-11-23,17350,17650,17100,17100,139815,-0.017241379310344862
2020-11-24,17250,17700,17050,17150,239726,0.0029239766081872176
2020-11-25,17450,17500,16900,17100,181259,-0.002915451895043719
2020-11-26,17500,17500,17200,17350,111533,0.014619883040935644
2020-11-27,17350,18350,17350,18000,442176,0.03746397694524495
2020-11-30,17950,18150,17350,17550,240079,-0.025000000000000022
2020-12-01,17550,17700,17300,17600,140707,0.002849002849002913
2020-12-02,17600,17600,17350,17600,150635,0.0
2020-12-03,17600,17700,17300,17350,142125,-0.014204545454545414
2020-12-04,17350,17400,16900,16950,224054,-0.023054755043227626
2020-12-07,16950,17300,16850,17100,92781,0.008849557522123908
2020-12-08,17100,17350,16750,16850,135580,-0.014619883040935644
2020-12-09,16850,17250,16800,17100,128248,0.014836795252225476
2020-12-10,16900,17150,16850,17000,78345,-0.005847953216374324
2020-12-11,17150,17600,17100,17400,170084,0.0235294117647058
2020-12-14,17400,17400,16850,16900,141935,-0.028735632183908066
2020-12-15,16900,17600,16750,17450,203837,0.03254437869822491
2020-12-16,17650,19250,17450,19200,989245,0.10028653295128942
2020-12-17,19200,19850,19100,19600,570074,0.02083333333333326
2020-12-18,19700,19700,18900,19050,266367,-0.028061224489795866
2020-12-21,19350,19350,18500,19100,215771,0.002624671916010568
2020-12-22,19100,19200,17950,18300,249194,-0.041884816753926746
2020-12-23,18350,18500,17700,18200,192665,-0.005464480874316946
2020-12-24,18400,18400,18000,18150,146635,-0.0027472527472527375
2020-12-28,18150,18650,17950,18350,194890,0.011019283746556363
2020-12-29,18800,19600,18600,19550,376236,0.06539509536784749
2020-12-30,19350,19900,19200,19900,294170,0.01790281329923271
2021-01-04,19750,20300,19550,19850,276440,-0.002512562814070307
2021-01-05,19600,19950,19100,19600,275406,-0.012594458438287104
2021-01-06,19800,20000,18600,19000,408056,-0.030612244897959218
2021-01-07,19050,19550,18800,19550,237327,0.02894736842105261
2021-01-08,19550,19700,19050,19500,428689,-0.002557544757033292
2021-01-11,19500,19700,18800,19150,271337,-0.017948717948717996
2021-01-12,19000,19250,18650,19100,214360,-0.0026109660574412663
2021-01-13,19350,19350,18650,19200,198531,0.005235602094240788
2021-01-14,19000,19500,18850,19200,181636,0.0
2021-01-15,19350,19350,18700,18750,168052,-0.0234375
2021-01-18,18600,18600,17950,17950,279651,-0.04266666666666663
2021-01-19,17950,18700,17750,18700,165763,0.04178272980501396
2021-01-20,18700,19650,18700,19500,339577,0.04278074866310155
2021-01-21,23050,25350,21750,25350,2642389,0.30000000000000004
2021-01-22,24600,24950,21300,21300,3342833,-0.1597633136094675
2021-01-25,21350,22650,21300,22050,925940,0.035211267605633756
2021-01-26,21900,23000,21850,21900,1109451,-0.006802721088435382
2021-01-27,22200,22900,21750,21950,384922,0.0022831050228311334
2021-01-28,21300,21450,20550,21000,332316,-0.0432801822323462
2021-01-29,21400,21450,19400,20100,253857,-0.042857142857142816
2021-02-01,19650,20600,19350,20600,190014,0.02487562189054726
2021-02-02,20700,21050,20150,20600,227441,0.0
2021-02-03,20800,20800,20100,20800,242290,0.009708737864077666
2021-02-04,20700,21300,20300,21000,227525,0.009615384615384581
2021-02-05,21150,21600,20850,21350,194474,0.016666666666666607
2021-02-08,21250,21350,20650,20850,124765,-0.023419203747072626
2021-02-09,20950,21850,20650,21800,224712,0.0455635491606714
2021-02-10,21700,21800,21100,21800,161471,0.0
2021-02-15,21800,22200,21450,22100,192977,0.013761467889908285
2021-02-16,22100,22350,21700,22050,173016,-0.002262443438914019
2021-02-17,22000,22000,21450,21850,222132,-0.009070294784580546
2021-02-18,21850,21900,21400,21500,99479,-0.016018306636155555
2021-02-19,21400,21500,20550,21250,157443,-0.011627906976744207
2021-02-22,21100,21500,20500,20500,84892,-0.03529411764705881
2021-02-23,20300,20350,19850,20250,111666,-0.012195121951219523
2021-02-24,20050,20150,19000,19250,135454,-0.04938271604938271
2021-02-25,19700,20100,19350,20100,74075,0.04415584415584406
2021-02-26,19300,19700,18850,19500,166556,-0.02985074626865669
2021-03-02,19600,19850,18700,19000,104975,-0.02564102564102566
2021-03-03,18700,19050,18500,18950,144751,-0.0026315789473684292
2021-03-04,18750,19000,18400,18950,95878,0.0
2021-03-05,18450,19450,18450,19300,74028,0.01846965699208436
2021-03-08,19150,19500,18800,18800,65146,-0.025906735751295318
2021-03-09,18500,19000,18000,18750,103784,-0.0026595744680850686
2021-03-10,19000,19250,18650,18650,50648,-0.005333333333333301
2021-03-11,18500,19100,18500,19100,35706,0.024128686327077764
2021-03-12,19300,19300,19050,19250,41849,0.007853403141361293
2021-03-15,19250,19400,18900,19350,77907,0.0051948051948051965
2021-03-16,19350,19500,19150,19350,72956,0.0
2021-03-17,19250,19250,18950,19250,119924,-0.0051679586563307955
2021-03-18,19150,19300,18950,19100,100245,-0.007792207792207795
2021-03-19,19000,19200,18850,19150,53516,0.002617801047120505
2021-03-22,19150,19950,19150,19750,136618,0.031331592689294974
2021-03-23,20100,20150,19700,19800,137644,0.0025316455696202667
2021-03-24,19800,20700,19500,20400,210944,0.030303030303030276
2021-03-25,20400,20500,20050,20400,74268,0.0
2021-03-26,20600,20600,19950,20300,60843,-0.004901960784313708
2021-03-29,20100,20150,19800,19800,82800,-0.024630541871921152
2021-03-30,19850,20450,19500,20250,93605,0.022727272727272707
2021-03-31,20450,20850,19900,20450,200089,0.009876543209876631
2021-04-01,20450,20700,20000,20600,143194,0.007334963325183352
2021-04-02,20600,20950,20400,20800,142591,0.009708737864077666
2021-04-05,20800,21350,20750,21300,158841,0.024038461538461453
2021-04-06,21350,21500,21150,21300,111663,0.0
2021-04-07,21300,21650,21150,21600,154752,0.014084507042253502
2021-04-08,21600,21700,21300,21550,88056,-0.0023148148148147696
2021-04-09,21650,21650,21100,21300,82072,-0.011600928074245953
2021-04-12,21300,21350,20900,21350,80929,0.0023474178403755097
2021-04-13,21250,21300,21000,21300,84964,-0.0023419203747072626
2021-04-14,21300,22850,21250,22400,410216,0.05164319248826299
2021-04-15,22400,22600,22100,22400,92617,0.0
2021-04-16,22400,22750,22100,22600,158332,0.008928571428571397
2021-04-19,22750,22750,22250,22600,88225,0.0
2021-04-20,22600,22650,22100,22650,111702,0.0022123893805310324
2021-04-21,22650,22650,22250,22300,62195,-0.015452538631346546
2021-04-22,22750,23150,22250,22800,277226,0.022421524663677195
2021-04-23,22800,22900,22500,22900,116629,0.004385964912280604
2021-04-26,22900,22900,22600,22800,96082,-0.004366812227074246
2021-04-27,22700,23000,22400,22700,108253,-0.004385964912280715
2021-04-28,22700,22750,22000,22350,102516,-0.01541850220264318
2021-04-29,22300,22700,21850,22400,92982,0.0022371364653244186
2021-04-30,22100,22600,22100,22450,68271,0.0022321428571427937
2021-05-03,22600,23000,22250,22750,133889,0.013363028953229383
2021-05-04,22750,22850,22350,22850,94022,0.00439560439560438
2021-05-06,22800,23050,22600,22950,96248,0.004376367614879584
2021-05-07,23050,23050,22600,22900,150408,-0.002178649237472796
2021-05-10,23100,23100,22600,22850,71076,-0.0021834061135370675
2021-05-11,22650,22800,22200,22500,104128,-0.015317286652078765
2021-05-12,22200,22650,22050,22400,110053,-0.004444444444444473
2021-05-13,22200,22450,21800,22300,90429,-0.004464285714285698
2021-05-14,22350,22500,22050,22400,68165,0.004484304932735439
2021-05-17,22250,22700,21700,22700,143581,0.013392857142857206
2021-05-18,22700,22750,22300,22550,59123,-0.0066079295154185536
2021-05-20,22450,22550,22250,22350,46712,-0.008869179600886956
2021-05-21,22350,22450,21700,21800,88433,-0.02460850111856827
2021-05-24,21600,21800,20800,21450,70330,-0.016055045871559592
2021-05-25,21650,21650,21100,21300,35493,-0.006993006993006978
2021-05-26,21600,21600,20900,21300,28057,0.0
2021-05-27,21300,22000,21150,21900,45028,0.028169014084507005
2021-05-28,21900,22100,21650,22000,38255,0.004566210045662045
2021-05-31,22000,22350,21800,22250,56061,0.011363636363636465
2021-06-01,22150,22300,22000,22200,37755,-0.0022471910112359383
2021-06-02,22050,22250,21900,22100,37268,-0.0045045045045044585
2021-06-03,21900,22800,21900,22600,102488,0.02262443438914019
2021-06-04,22600,22600,22150,22500,56522,-0.004424778761061954
2021-06-07,22700,22750,22150,22400,38744,-0.004444444444444473
2021-06-08,22200,22450,22150,22350,35982,-0.0022321428571429047
2021-06-09,22400,22400,21950,22300,26515,-0.0022371364653244186
2021-06-10,22350,22450,22100,22350,43840,0.0022421524663676085
2021-06-11,22500,22500,22150,22450,65922,0.004474272930648837
2021-06-14,22450,23450,22400,23150,278410,0.031180400890868487
2021-06-15,23000,23150,22400,22700,128175,-0.01943844492440605
2021-06-16,22300,23500,22300,23100,166601,0.017621145374449254
2021-06-17,23100,23700,22800,23600,156857,0.02164502164502169
2021-06-18,23600,24150,23500,23700,135297,0.004237288135593209
2021-06-21,23400,23900,23150,23350,143687,-0.014767932489451518
2021-06-22,23450,23850,23300,23700,90841,0.01498929336188426
2021-06-23,23800,23800,23200,23550,68783,-0.006329113924050667
2021-06-24,23500,23700,22900,23400,82002,-0.006369426751592355
2021-06-25,23500,23500,22900,22950,73497,-0.019230769230769273
2021-06-28,23150,23150,22600,22700,61757,-0.01089324618736387
2021-06-29,22850,22900,22600,22800,32787,0.004405286343612369
2021-06-30,22800,22850,22350,22850,77298,0.002192982456140413
2021-07-01,22700,22850,22450,22800,79253,-0.002188183807439792
2021-07-02,22650,22800,22500,22650,39106,-0.006578947368421018
2021-07-05,22800,22800,22400,22500,38107,-0.0066225165562914245
2021-07-06,22500,22650,22350,22400,34494,-0.004444444444444473
2021-07-07,22250,22350,21950,22250,90030,-0.006696428571428603
2021-07-08,22300,22300,21650,21800,81447,-0.020224719101123556
2021-07-09,21750,21750,21000,21300,91633,-0.022935779816513735
2021-07-12,21500,22000,21100,21850,50598,0.025821596244131495
2021-07-13,21850,22100,21650,22100,49501,0.011441647597254079
2021-07-14,22100,22100,21550,21700,41551,-0.018099547511312264
2021-07-15,21900,22100,21500,21800,51507,0.004608294930875667
2021-07-16,21700,21850,21250,21450,54589,-0.016055045871559592
2021-07-19,21350,21500,20900,21300,73127,-0.006993006993006978
2021-07-20,21000,21550,20850,21300,77611,0.0
2021-07-21,21300,21550,21050,21300,86529,0.0
2021-07-22,21350,21650,21150,21600,61580,0.014084507042253502
2021-07-23,21600,21600,21200,21600,37507,0.0
2021-07-26,21650,21650,21350,21600,56944,0.0
2021-07-27,21350,21950,21350,21700,31676,0.004629629629629539
2021-07-28,21400,21650,21300,21450,36526,-0.011520737327188946
2021-07-29,21700,21700,21400,21600,27543,0.006993006993007089
2021-07-30,21600,21850,21350,21600,61040,0.0
2021-08-02,21600,21750,21400,21700,21199,0.004629629629629539
2021-08-03,21750,22050,21550,21850,47674,0.00691244239631339
2021-08-04,21900,22300,21600,22150,68445,0.013729977116704761
2021-08-05,22100,22950,22050,22900,149370,0.0338600451467268
2021-08-06,22900,23100,22700,22850,73190,-0.0021834061135370675
2021-08-09,23050,23050,22450,22850,57304,0.0
2021-08-10,22850,22900,22050,22300,94598,-0.024070021881838044
2021-08-11,22150,22200,21650,22000,74414,-0.013452914798206317
2021-08-12,21950,22350,21650,22350,71551,0.015909090909090873
2021-08-13,22350,22350,21450,22000,55966,-0.015659955257270708
2021-08-17,21700,21900,20600,20750,108386,-0.05681818181818177
2021-08-18,20750,21650,20300,21400,66255,0.031325301204819356
2021-08-19,21400,21900,20700,21000,74042,-0.01869158878504673
2021-08-20,21000,21200,20050,20700,98953,-0.014285714285714235
2021-08-23,21000,21500,20850,21300,67058,0.02898550724637672
2021-08-24,21650,21850,21350,21850,81710,0.025821596244131495
2021-08-25,21950,22150,21700,21900,37462,0.0022883295194509046
2021-08-26,21950,23400,21650,22500,356509,0.027397260273972712
2021-08-27,22400,22500,21800,22500,76049,0.0
2021-08-30,22450,22750,22100,22250,66729,-0.011111111111111072
2021-08-31,22150,22350,21950,22200,40341,-0.0022471910112359383
2021-09-01,22300,22500,22150,22400,40836,0.009009009009008917
2021-09-02,22400,22450,21950,22200,41618,-0.008928571428571397
2021-09-03,22200,22700,21750,22050,122298,-0.006756756756756799
2021-09-06,22050,22200,21300,21500,54326,-0.024943310657596363
2021-09-07,21500,21800,20950,21700,53410,0.009302325581395321
2021-09-08,21700,21900,21000,21000,27819,-0.032258064516129004
2021-09-09,21000,21000,20350,20950,52791,-0.0023809523809523725
2021-09-10,20800,21000,20350,20700,45794,-0.011933174224343701
2021-09-13,20500,21000,20400,20450,23948,-0.012077294685990392
2021-09-14,20500,20800,20200,20500,29197,0.0024449877750611915
2021-09-15,20500,20600,20050,20450,63403,-0.0024390243902439046
2021-09-16,20350,20800,19800,20350,70561,-0.004889975550122272
2021-09-17,20150,20600,19950,20600,28891,0.01228501228501222
2021-09-23,20100,20500,19550,20000,61385,-0.029126213592232997
2021-09-24,20050,20050,19300,19600,65617,-0.020000000000000018
2021-09-27,19600,19850,19400,19850,16877,0.012755102040816313
2021-09-28,19900,20000,18750,19400,101351,-0.02267002518891692
2021-09-29,18850,19200,18600,19000,49236,-0.020618556701030966
2021-09-30,19000,19450,18900,19400,58493,0.021052631578947434
